,PlayerID,Rank,Pos,Salary
0,Kirk Cousins8,1.0,QB,27500000
1,Marcus Mariota8,2.0,QB,20922000
2,Jameis Winston,2.0,QB,20922000
3,Derek Carr4,4.0,QB,19900000
4,Jimmy Garoppolo10,6.0,QB,17200000
5,Von Miller58,7.0,LB,17000000
6,Mike Evans13,7.0,WR,17000000
7,Chandler Jones55,11.0,DE,16500000
8,Andy Dalton,13.0,QB,16000000
9,Olivier Vernon54,15.0,DE,15250000
10,Grady Jarrett97,16.0,DT,15209000
11,Taylor Lewan77,18.0,OT,14500000
12,Leonard Williams99,19.0,DT,14200000
13,Tom Brady12,20.0,QB,14000000
14,Amari Cooper19,21.0,WR,13924000
15,Jason Pierre-Paul90,22.0,DE,13650000
16,Matthew Stafford9,23.0,QB,13500000
17,Russell Okung76,25.0,T,13000000
18,J.J. Watt99,25.0,DE,13000000
19,Andrew Norwell68,25.0,G,13000000
20,A.J. Bouye21,25.0,CB,13000000
21,T.Y. Hilton13,25.0,WR,13000000
22,Nate Solder76,30.0,T,12900000
23,Darius Slay24,32.0,CB,12550000
24,Brandon Scherff75,33.0,G,12525000
25,Kawann Short99,34.0,DT,12500000
26,Jarvis Landry80,34.0,WR,12500000
27,DeAndre Hopkins10,34.0,WR,12500000
28,Calais Campbell93,37.0,DE,12000000
29,Sammy Watkins14,38.0,WR,11950000
30,Alshon Jeffery17,39.0,WR,11750000
31,Patrick Peterson21,41.0,CB,11000000
32,Larry Fitzgerald11,41.0,WR,11000000
33,Josh Norman24,41.0,CB,11000000
34,Philip Rivers17,41.0,QB,11000000
35,Terron Armstead72,45.0,OT,10700000
36,Jurrell Casey99,46.0,DL,10550000
37,Malcolm Butler21,47.0,CB,10500000
38,Bobby Wagner54,47.0,ILB,10500000
39,Ryan Kerrigan91,47.0,DE,10500000
40,Xavier Rhodes27,50.0,CB,10400000
41,Eric Fisher72,51.0,OT,10350000
42,Emmanuel Sanders17,52.0,WR,10250000
43,Andrew Whitworth77,52.0,T,10250000
44,Janoris Jenkins20,54.0,CB,10150000
45,Ryan Jensen66,56.0,T,10000000
46,Kevin Zeitler70,56.0,G,10000000
47,Keenan Allen13,56.0,WR,10000000
48,Tyron Smith77,56.0,OT,10000000
49,Zack Martin70,56.0,G,10000000
50,Joe Haden23,56.0,DB,10000000
51,Lavonte David54,63.0,OLB,9750000
52,D.J. Humphries74,65.0,OT,9625000
53,Andrus Peat75,65.0,OT,9625000
54,Julio Jones11,67.0,WR,9600000
55,Jimmy Smith22,68.0,CB,9500000
56,Desmond Trufant21,68.0,CB,9500000
57,Danielle Hunter99,71.0,DE,9400000
58,Riley Reiff71,71.0,OT,9400000
59,Nelson Agholor13,73.0,WR,9387000
60,Brandon Williams98,74.0,DT,9250000
61,Shaq Thompson54,75.0,OLB,9232000
62,Bud Dupree48,75.0,DE,9232000
63,Aaron Donald99,78.0,DT,9108000
64,Damarious Randall23,79.0,FS,9069000
65,Marcus Peters24,79.0,CB,9069000
66,Trae Waynes26,79.0,CB,9069000
67,Arik Armstead91,82.0,DE,9046000
68,Devin McCourty32,83.0,DB,9000000
69,Stefon Diggs14,85.0,WR,8900000
70,Linval Joseph95,85.0,DT,8900000
71,Cameron Heyward97,87.0,DE,8750000
72,Alex Mack51,88.0,C,8500000
73,David Bakhtiari69,88.0,OT,8500000
74,Harrison Smith22,91.0,FS,8350000
75,Rodney Hudson61,92.0,OL,8250000
76,Malcolm Jenkins27,94.0,DB,8100000
77,Geno Atkins97,96.0,DT,8000000
78,Akiem Hicks96,96.0,DE,8000000
79,Brandon Brooks79,96.0,G,8000000
80,Zach Ertz86,96.0,TE,8000000
81,Derek Wolfe95,96.0,DT,8000000
82,Sheldon Richardson98,96.0,DT,8000000
83,Duane Brown76,96.0,T,8000000
84,Cameron Jordan94,96.0,DE,8000000
85,Kenny Stills12,109.0,WR,7975000
86,Michael Brockers90,113.0,DT,7777777
87,Larry Warford67,114.0,OG,7650000
88,Travis Kelce87,115.0,TE,7500000
89,T.J. Carrie38,115.0,CB,7500000
90,Kyle Rudolph82,119.0,TE,7275000
91,Marqise Lee11,120.0,WR,7250000
92,Star Lotulelei98,122.0,DT,7150000
93,David DeCastro66,123.0,G,7070000
94,Christian Kirksey58,124.0,OLB,7000000
95,Tyrone Crawford98,124.0,DE,7000000
96,Donovan Smith76,124.0,OT,7000000
97,Dont'a Hightower54,124.0,ILB,7000000
98,Richard Sherman25,124.0,DB,7000000
99,Cameron Brate84,124.0,TE,7000000
100,Albert Wilson15,131.0,WR,6975000
101,Jerry Hughes55,132.0,DE,6800000
102,Gabe Jackson66,133.0,OG,6750000
103,Trey Burton80,135.0,TE,6700000
104,La'el Collins71,136.0,OT,6516750
105,Zach Fulton73,137.0,OG,6500000
106,Jake Matthews70,137.0,OT,6500000
107,Mario Addison97,137.0,DE,6500000
108,Anthony Hitchens53,137.0,OLB,6500000
109,Joel Bitonio75,137.0,OT,6500000
110,Kiko Alonso54,143.0,ILB,6485000
111,Byron Jones31,145.0,CB,6266000
112,Anthony Castonzo74,146.0,LT,6250000
113,Laurent Duvernay-Tardif76,147.0,OT,6203000
114,Chris Hubbard74,149.0,G,6150000
115,DaQuan Jones90,150.0,DT,6000000
116,Stephon Tuitt91,150.0,DT,6000000
117,Mitchell Schwartz71,150.0,T,6000000
118,Robert Quinn94,150.0,DE,6000000
119,Benardrick McKinney55,150.0,ILB,6000000
120,Robert Woods17,150.0,WR,6000000
121,Brian Winters67,150.0,OG,6000000
122,Mike Pouncey53,150.0,C,6000000
123,Demario Davis56,160.0,OLB,5950000
124,Adam Thielen19,161.0,WR,5850000
125,Danny Trevathan59,162.0,OLB,5800000
126,Trent Murphy93,162.0,DE,5800000
127,Bryan Bulaga75,162.0,T,5800000
128,D.J. Hayden25,165.0,CB,5750000
129,Whitney Mercilus59,165.0,DE,5750000
130,David Johnson31,167.0,RB,5700000
131,Melvin Gordon25,168.0,RB,5605000
132,Bobby McCain28,169.0,CB,5600000
133,Weston Richburg58,170.0,C,5500000
134,Brandon Linder65,170.0,OG,5500000
135,Marcus Cannon61,170.0,OL,5500000
136,Trai Turner70,176.0,OG,5297000
137,Eric Ebron85,177.0,TE,5250000
138,Travis Benjamin17,177.0,WR,5250000
139,Ndamukong Suh93,177.0,DT,5250000
140,Jack Doyle84,180.0,TE,5150000
141,Nick Foles9,181.0,QB,5000000
142,Tyrell Williams16,181.0,WR,5000000
143,Alejandro Villanueva78,181.0,T,5000000
144,Justin Pugh67,181.0,OG,5000000
145,Russell Wilson3,181.0,QB,5000000
146,Trent Brown77,181.0,OT,5000000
147,Ja'Wuan James70,181.0,OT,5000000
148,Bradley Roby21,181.0,CB,5000000
149,Robbie Gould9,191.0,K,4971000
150,Dee Ford55,192.0,DE,4750000
151,Morgan Moses76,192.0,OT,4750000
152,Lamarcus Joyner29,195.0,CB,4700000
153,Dontari Poe95,196.0,DT,4500000
154,Ben Jones60,196.0,C,4500000
155,Mitch Morse60,201.0,OT,4400000
156,Corey Linsley63,202.0,C,4300000
157,Jared Goff16,203.0,QB,4259683
158,Kyle Van Noy53,205.0,OLB,4250000
159,Danny Amendola80,205.0,WR,4250000
160,D.J. Swearinger36,205.0,FS,4250000
161,Kyle Juszczyk44,208.0,FB,4200000
162,Vance McDonald89,208.0,TE,4200000
163,Eric Kendricks54,210.0,ILB,4150000
164,A.J. Klein53,211.0,ILB,4100000
165,Patrick Robinson21,213.0,DB,4000000
166,Todd Davis51,213.0,LB,4000000
167,Allen Hurns17,213.0,WR,4000000
168,Shaq Mason69,213.0,G,4000000
169,Chase Daniel4,213.0,QB,4000000
170,Dion Lewis33,213.0,RB,4000000
171,Micah Hyde23,221.0,CB,3950000
172,Rashan Gary52,221.0,DL,3950000
173,Tyler Lockett16,223.0,WR,3907000
174,Ezekiel Elliott21,224.0,RB,3853137
175,John Brown15,225.0,WR,3800000
176,William Gholston92,226.0,DE,3750000
177,Jalen Ramsey20,228.0,CB,3634227
178,Daniel Sorensen49,229.0,S,3600000
179,Shawn Williams36,230.0,SS,3500000
180,Devon Kennard42,230.0,OLB,3500000
181,Case Keenum8,230.0,QB,3500000
182,DeVante Parker11,230.0,WR,3500000
183,Ricardo Allen37,230.0,CB,3500000
184,Denico Autry96,230.0,DE,3500000
185,Jimmy Graham80,239.0,TE,3450000
186,Barkevious Mingo50,240.0,OLB,3400000
187,Giovani Bernard25,240.0,RB,3400000
188,Abry Jones95,240.0,DT,3400000
189,Nickell Robey-Coleman31,243.0,CB,3300000
190,Johnny Hekker6,244.0,P,3250000
191,Corey Peters98,244.0,DT,3250000
192,Ronnie Stanley79,249.0,OT,3243318
193,Myles Garrett95,250.0,DE,3229750
194,Mason Crosby2,251.0,K,3200000
195,Ty Nsekhe77,251.0,T,3200000
196,Sam Koch4,253.0,P,3150000
197,Ali Marpet74,254.0,C,3125000
198,Darnell Savage26,255.0,S,3120000
199,Carlos Dunlap96,256.0,DE,3100000
200,Patrick Onwuasor48,257.0,LB,3095000
201,B.J. Finney67,257.0,C,3095000
202,Jonathan Jones31,257.0,DB,3095000
203,Robby Anderson11,257.0,WR,3095000
204,Ka'imi Fairbairn7,257.0,K,3095000
205,Jalen Richard30,257.0,RB,3095000
206,Matthias Farley41,257.0,DB,3095000
207,Michael Pierce98,257.0,DT,3095000
208,Shelby Harris96,257.0,DE,3095000
209,Trey Hopkins66,257.0,G,3095000
210,George Fant74,257.0,T,3095000
211,Cory Littleton58,257.0,LB,3095000
212,Anthony Harris41,257.0,DB,3095000
213,Evan Boehm76,257.0,C,3095000
214,Daryl Worley20,257.0,CB,3095000
215,Devin Funchess11,273.0,WR,3000000
216,Gerald McCoy93,273.0,DT,3000000
217,Kareem Jackson22,273.0,DB,3000000
218,Jaquiski Tartt29,273.0,SS,3000000
219,Colt McCoy12,273.0,QB,3000000
220,Quinton Dunbar23,273.0,CB,3000000
221,Cordarrelle Patterson84,273.0,WR,3000000
222,Marquise Goodwin1,285.0,WR,2950000
223,Jordan Poyer21,285.0,CB,2950000
224,Thomas Morstead6,285.0,P,2950000
225,Tahir Whitehead52,285.0,OLB,2950000
226,Leonard Fournette27,290.0,RB,2933258
227,Bradley McDougald30,291.0,FS,2900000
228,Anthony Barr55,291.0,OLB,2900000
229,Brian Hoyer2,296.0,QB,2800000
230,Davante Adams17,297.0,WR,2750000
231,Matt Ryan2,297.0,QB,2750000
232,Chris Thompson25,297.0,RB,2750000
233,Chris Thompson2,297.0,RB,2750000
234,Brandon McManus8,297.0,K,2750000
235,Senio Kelemete64,297.0,T,2750000
236,Chris Smith50,297.0,DE,2750000
237,Allen Bailey93,297.0,DL,2750000
238,Britton Colquitt2,305.0,P,2700000
239,Quandre Diggs37,306.0,CB,2657000
240,Jack Conklin78,307.0,OT,2617862
241,Leonard Floyd94,308.0,OLB,2602208
242,Lane Taylor65,309.0,G,2600000
243,Jack Crawford95,310.0,DE,2550000
244,Rob Havenstein79,313.0,OT,2500000
245,Duron Harmon21,313.0,FS,2500000
246,Johnson Bademosi29,313.0,DB,2500000
247,Terrance Mitchell39,313.0,CB,2500000
248,Kenny Wiggins79,313.0,T,2500000
249,James White28,313.0,RB,2500000
250,Jamon Brown68,313.0,OT,2500000
251,Ben Roethlisberger7,313.0,QB,2500000
252,Virgil Green88,313.0,TE,2500000
253,Christian Jones52,327.0,ILB,2450000
254,Sam Martin5,329.0,P,2400000
255,Lawrence Guy93,329.0,DT,2400000
256,Jon Feliciano76,329.0,OG,2400000
257,Bobby Massie70,329.0,T,2400000
258,Kevin Huber10,335.0,P,2350000
259,Greg Zuerlein2,336.0,K,2325000
260,Khalil Mack52,337.0,OLB,2300000
261,Dustin Hopkins3,339.0,K,2275000
262,Mike Williams81,340.0,WR,2260448
263,Jordan Phillips97,342.0,DT,2250000
264,Buster Skrine24,342.0,DB,2250000
265,Ryan Griffin84,342.0,TE,2250000
266,Ryan Griffin4,342.0,TE,2250000
267,Daryl Williams60,342.0,OT,2250000
268,Eddie Goldman91,342.0,DT,2250000
269,Justin Ellis71,342.0,DT,2250000
270,Cole Beasley10,349.0,WR,2200000
271,Matt Prater5,349.0,K,2200000
272,Sheldon Rankins98,351.0,DT,2195680
273,Laremy Tunsil78,352.0,OT,2148770
274,Karl Joseph42,353.0,SS,2070589
275,Christian McCaffrey22,355.0,RB,2032390
276,Rashod Hill69,356.0,T,2025000
277,Will Parks28,356.0,S,2025000
278,Quinton Jefferson99,356.0,DT,2025000
279,Jordan Howard24,356.0,RB,2025000
280,De'Vondre Campbell59,356.0,OLB,2025000
281,Kenyan Drake41,356.0,RB,2025000
282,Blake Martinez54,356.0,ILB,2025000
283,D.J. Reader98,356.0,DT,2025000
284,Jordan Jenkins48,356.0,OLB,2025000
285,Justin Simmons31,356.0,FS,2025000
286,Joe Schobert47,356.0,OLB,2025000
287,Austin Hooper81,356.0,TE,2025000
288,Ryan Smith29,356.0,CB,2025000
289,Wes Schweitzer71,356.0,OT,2025000
290,Elandon Roberts52,356.0,ILB,2025000
291,Brennan Scarlett57,356.0,LB,2025000
292,Connor McGovern60,356.0,OG,2025000
293,Connor McGovern66,356.0,OG,2025000
294,Graham Glasgow61,356.0,OG,2025000
295,Brandon Dunn92,356.0,DT,2025000
296,Caleb Benenoch74,356.0,OT,2025000
297,Carl Nassib94,356.0,DE,2025000
298,Tajae Sharpe19,356.0,WR,2025000
299,Anthony Brown30,356.0,CB,2025000
300,Xavier Grimble85,356.0,TE,2025000
301,Troy Hill22,356.0,CB,2025000
302,Maliek Collins96,356.0,DT,2025000
303,Ken Crawley32,356.0,DB,2025000
304,Dean Lowry94,356.0,DE,2025000
305,Halapoulivaati Vaitai72,356.0,OT,2025000
306,Peyton Barber25,356.0,RB,2025000
307,Jatavis Brown53,356.0,OLB,2025000
308,Austin Blythe66,356.0,C,2025000
309,Yannick Ngakoue91,356.0,OLB,2025000
310,Brandon Shell72,356.0,OT,2025000
311,Nick Kwiatkoski44,356.0,ILB,2025000
312,Kevin Byard31,356.0,S,2025000
313,Dak Prescott4,356.0,QB,2025000
314,Joe Haeg73,356.0,OT,2025000
315,Javon Hargrave93,356.0,DT,2025000
316,Trevor Williams41,356.0,CB,2025000
317,David Onyemata93,356.0,DT,2025000
318,Tyler Higbee89,356.0,TE,2025000
319,Jalen Mills21,356.0,CB,2025000
320,Kendall Fuller29,356.0,CB,2025000
321,Alex Lewis71,356.0,OT,2025000
322,Jordan Lucas21,356.0,SS,2025000
323,Eric Murray22,408.0,CB,2015500
324,Demarcus Robinson11,408.0,WR,2015500
325,Kyler Fackrell51,410.0,OLB,2010000
326,Jordan Hicks58,411.0,OLB,2000000
327,Beau Allen91,411.0,DT,2000000
328,Jacoby Brissett7,411.0,QB,2000000
329,Lerentee McCray55,411.0,LB,2000000
330,Nate Ebner43,411.0,DB,2000000
331,Adam Humphries10,411.0,WR,2000000
332,Jeff Heath38,411.0,S,2000000
333,Stephen Hauschka4,411.0,K,2000000
334,Ereck Flowers77,411.0,OT,2000000
335,Nick Easton62,411.0,C,2000000
336,Henry Anderson96,411.0,DE,2000000
337,Randall Cobb18,411.0,WR,2000000
338,Nick Vigil59,411.0,ILB,2000000
339,Angelo Blackson97,411.0,DT,2000000
340,Laken Tomlinson75,411.0,OG,2000000
341,Kevin Johnson29,411.0,CB,2000000
342,Jared Cook87,411.0,TE,2000000
343,Jimmie Ward20,411.0,SS,2000000
344,Andre Roberts18,411.0,WR,2000000
345,Jeff Heuerman82,411.0,TE,2000000
346,Ty Sambrailo74,411.0,OT,2000000
347,Andy Lee4,411.0,P,2000000
348,Ha Ha Clinton-Dix27,411.0,FS,2000000
349,Jason Witten82,411.0,TE,2000000
350,Le'Veon Bell26,411.0,RB,2000000
351,Sean Lee50,411.0,LB,2000000
352,Jason McCourty30,411.0,DB,2000000
353,Breshad Perriman19,411.0,WR,2000000
354,James Carpenter77,411.0,LG,2000000
355,Joe Thuney62,446.0,OG,1995000
356,Golden Tate15,447.0,WR,1975000
357,Tyreek Hill10,448.0,WR,1965036
358,Taylor Decker68,449.0,OT,1945498
359,Keanu Neal22,450.0,FS,1914224
360,Greg Olsen88,452.0,TE,1900000
361,Lee Smith85,452.0,TE,1900000
362,Michael Thomas31,452.0,S,1900000
363,Michael Thomas13,452.0,S,1900000
364,Patrick Chung23,452.0,DB,1900000
365,Saquon Barkley26,456.0,RB,1897943
366,Ryan Kelly78,457.0,C,1875134
367,Marshon Lattimore23,459.0,CB,1861324
368,Shaq Lawson90,460.0,DE,1851679
369,Josh Doctson13,463.0,WR,1820405
370,Denzel Ward21,464.0,CB,1805698
371,Laquon Treadwell80,465.0,WR,1804770
372,Brett Kern6,466.0,P,1800000
373,Chris Jones95,466.0,P,1800000
374,Chris Jones25,466.0,P,1800000
375,Chris Jones6,466.0,P,1800000
376,Duke Johnson25,466.0,RB,1800000
377,Tyler Kroft81,466.0,TE,1800000
378,Artie Burns25,472.0,CB,1757861
379,Kwon Alexander56,473.0,OLB,1750000
380,Joe Thomas48,473.0,LB,1750000
381,Cody Davis22,473.0,S,1750000
382,Rex Burkhead34,473.0,RB,1750000
383,Ryan Tannehill17,473.0,QB,1750000
384,Quinton Spain67,473.0,OG,1750000
385,Kenny Clark97,479.0,DT,1726588
386,Deshaun Watson4,481.0,QB,1724480
387,Seth Roberts15,482.0,WR,1700000
388,Haason Reddick43,485.0,OLB,1690270
389,Derek Barnett96,486.0,DE,1633252
390,Malik Hooker29,487.0,FS,1610446
391,Derek Carrier85,488.0,WR,1600000
392,Matthew Slater18,488.0,WR,1600000
393,Patrick DiMarco42,488.0,FB,1600000
394,Germain Ifedi74,491.0,OT,1577060
395,K'Waun Williams24,492.0,DB,1550000
396,Tevin Coleman26,492.0,RB,1550000
397,Marlon Humphrey44,494.0,CB,1542044
398,Jonathan Allen93,495.0,DT,1519216
399,J.R. Sweezy64,496.0,G,1500000
400,DeMarcus Lawrence90,496.0,DE,1500000
401,Jamison Crowder82,496.0,WR,1500000
402,Sherrick McManis27,496.0,DB,1500000
403,Jonotthan Harrison78,496.0,C,1500000
404,Justin Bethel29,496.0,CB,1500000
405,Tress Way5,496.0,P,1500000
406,Mark Glowinski64,496.0,OG,1500000
407,Steve McLendon99,496.0,DT,1500000
408,Carl Davis79,496.0,DT,1500000
409,Zach Kerr92,496.0,NT,1500000
410,Jason Myers5,496.0,K,1500000
411,Rodney McLeod23,496.0,S,1500000
412,Greg Mancz65,496.0,C,1500000
413,K.J. Wright50,496.0,LB,1500000
414,Adrian Phillips31,496.0,DB,1500000
415,Brandon Copeland51,496.0,LB,1500000
416,C.J. Uzomah87,496.0,TE,1500000
417,Steven Nelson22,496.0,CB,1500000
418,Ryan Fitzpatrick14,496.0,QB,1500000
419,Adoree' Jackson25,526.0,CB,1490708
420,Ben Banogu52,527.0,EDGE,1482500
421,Randy Bullock4,528.0,K,1475000
422,O.J. Howard80,529.0,TE,1473602
423,Garett Bolles72,530.0,OT,1467900
424,Jarrad Davis40,531.0,ILB,1462198
425,Charles Harris,532.0,DE,1450794
426,Geronimo Allison81,533.0,WR,1450000
427,Jarrod Wilson26,533.0,S,1450000
428,Evan Engram88,541.0,TE,1439391
429,Gareon Conley22,542.0,CB,1416584
430,Tom Compton66,543.0,T,1410000
431,Jabrill Peppers21,544.0,SS,1405181
432,Drew Brees9,545.0,QB,1400000
433,Raheem Mostert31,545.0,RB,1400000
434,Keith Smith40,545.0,LB,1400000
435,Alex Erickson12,545.0,WR,1400000
436,Takkarist McKinley98,552.0,OLB,1393775
437,Tre'Davious White27,553.0,CB,1382374
438,Taco Charlton96,554.0,DE,1376672
439,Eric Rowe21,555.0,CB,1375000
440,Nick Dzubnar48,555.0,LB,1375000
441,Emmanuel Ogbah90,557.0,DE,1351315
442,Dennis Kelly71,558.0,OT,1350000
443,Billy Turner77,558.0,OT,1350000
444,Spencer Long61,558.0,OG,1350000
445,Jaylon Smith54,562.0,OLB,1335678
446,David Njoku85,563.0,TE,1330918
447,Roquan Smith58,564.0,ILB,1319871
448,Myles Jack44,565.0,OLB,1313787
449,T.J. Watt90,566.0,OLB,1306688
450,Rashaan Melvin22,567.0,CB,1300000
451,Xavien Howard25,568.0,CB,1285642
452,Erik Harris25,569.0,DB,1275000
453,Ryan Ramczyk71,570.0,OT,1273323
454,Noah Spence57,571.0,DE,1273132
455,Sterling Shepard87,572.0,WR,1260623
456,Pat O'Donnell16,573.0,P,1250000
457,Adrian Amos31,573.0,FS,1250000
458,Stefen Wisniewski61,573.0,LG,1250000
459,Al Woods97,573.0,DT,1250000
460,Roosevelt Nix33,573.0,FB,1250000
461,Beau Brinkley48,573.0,LS,1250000
462,Matt Barkley5,573.0,QB,1250000
463,Teddy Bridgewater5,573.0,QB,1250000
464,Demetrius Harris86,573.0,TE,1250000
465,Tyson Alualu94,573.0,DT,1250000
466,Kenny Vaccaro24,573.0,FS,1250000
467,Bruce Irvin51,573.0,DE,1250000
468,Kamalei Correa44,589.0,OLB,1234043
469,Minkah Fitzpatrick39,590.0,FS,1227626
470,Deshazor Everett22,591.0,CB,1225000
471,Austin Johnson98,592.0,DT,1222122
472,Kendall Lamm70,593.0,T,1200000
473,Chris Jones95,596.0,DT,1199714
474,Chris Jones25,596.0,DT,1199714
475,Chris Jones6,596.0,DT,1199714
476,Reggie Ragland59,597.0,ILB,1196551
477,Derrick Henry22,598.0,RB,1187445
478,Hunter Henry86,599.0,TE,1170042
479,A'Shawn Robinson91,600.0,DT,1163678
480,Vita Vea50,601.0,DT,1153829
481,Kyle Wilber58,602.0,OLB,1150000
482,Jordan Berry4,602.0,P,1150000
483,Michael Thomas31,606.0,WR,1148041
484,Michael Thomas13,606.0,WR,1148041
485,Vernon Butler92,607.0,DT,1144980
486,Tre Boston33,609.0,FS,1125000
487,Mike Remmers75,609.0,T,1125000
488,Brett Hundley7,609.0,QB,1125000
489,Jarran Reed91,614.0,DT,1116769
490,Kevin King20,615.0,CB,1108717
491,Cam Robinson74,616.0,OT,1103015
492,Nick Martin66,617.0,C,1101133
493,Mark Nzeocha53,618.0,OLB,1100000
494,Max Garcia73,618.0,C,1100000
495,Aaron Rodgers12,618.0,QB,1100000
496,Jason Verrett22,618.0,CB,1100000
497,Eric Kush72,618.0,C,1100000
498,Kolton Miller74,625.0,OT,1092333
499,Budda Baker32,626.0,FS,1085910
500,Zay Jones12,627.0,WR,1081348
501,Forrest Lamp77,629.0,OG,1071084
502,Deion Jones45,630.0,OLB,1069860
503,Marcus Maye20,631.0,FS,1060822
504,Tremaine Edmunds49,632.0,ILB,1055434
505,Curtis Samuel10,633.0,WR,1051698
506,Marcedes Lewis89,634.0,TE,1050000
507,Damien Williams26,634.0,RB,1050000
508,Derwin James33,638.0,SS,1043134
509,Dalvin Cook33,639.0,RB,1042576
510,Mackensie Alexander21,640.0,CB,1038587
511,Marcus Williams43,641.0,FS,1032313
512,Richie Incognito64,642.0,G,1030000
513,Adrian Peterson26,642.0,RB,1030000
514,Clark Harris46,642.0,TE,1030000
515,Andre Smith57,642.0,T,1030000
516,Andre Smith76,642.0,T,1030000
517,DeSean Jackson10,642.0,WR,1030000
518,L.P. Ladouceur91,642.0,LS,1030000
519,Don Muhlbach48,642.0,C,1030000
520,Matt Schaub8,642.0,QB,1030000
521,J.J. Jansen44,642.0,C,1030000
522,Jaire Alexander23,657.0,CB,1027761
523,Cody Whitehair65,658.0,OG,1026077
524,L.J. Fort58,659.0,LB,1025000
525,Sidney Jones22,660.0,CB,1023190
526,Leighton Vander Esch55,661.0,OLB,1018535
527,Frank Ragnow77,662.0,C,1015461
528,Gerald Everett81,663.0,TE,1014497
529,Billy Price53,664.0,C,1012386
530,Sean Davis21,665.0,FS,1007314
531,Rashaan Evans54,666.0,ILB,1006236
532,Adam Shaheen87,667.0,TE,1002322
533,Isaiah Wynn76,668.0,OT,1000087
534,Tyler Eifert88,669.0,TE,1000000
535,Malcom Brown90,669.0,DT,1000000
536,Quincy Enunwa81,669.0,WR,1000000
537,Landon Collins20,669.0,SS,1000000
538,Stephon Gilmore24,669.0,CB,1000000
539,Brandin Cooks12,669.0,WR,1000000
540,Maurkice Pouncey53,669.0,C,1000000
541,Brent Qvale79,669.0,T,1000000
542,Pierre Desir35,669.0,CB,1000000
543,T.J. Yeldon22,669.0,RB,1000000
544,Mike Pennel64,669.0,DT,1000000
545,Justin Houston50,669.0,LB,1000000
546,Shaquil Barrett58,669.0,OLB,1000000
547,Nick O'Leary86,669.0,TE,1000000
548,Za'Darius Smith55,669.0,DE,1000000
549,Brandon Bolden38,669.0,RB,1000000
550,Denzelle Good71,669.0,OT,1000000
551,Morgan Cox46,669.0,C,1000000
552,Josh Lambo4,669.0,K,1000000
553,Nevin Lawson26,669.0,CB,1000000
554,Brandon Graham55,669.0,DE,1000000
555,Darryl Roberts27,669.0,CB,1000000
556,Brian Poole34,669.0,S,1000000
557,Joe Looney73,669.0,G,1000000
558,Johnathan Hankins90,669.0,DT,1000000
559,Justin Tucker9,669.0,K,1000000
560,Nick Boyle86,669.0,TE,1000000
561,Cameron Fleming75,669.0,OT,1000000
562,Jake Ryan47,669.0,OLB,1000000
563,Chris Reed64,669.0,G,1000000
564,Craig Robertson52,669.0,LB,1000000
565,Christian Covington,669.0,DT,1000000
566,Jamize Olawale49,669.0,FB,1000000
567,Neville Hewitt46,669.0,LB,1000000
568,Julian Edelman11,669.0,WR,1000000
569,Ronald Darby21,669.0,CB,1000000
570,Dan Bailey5,669.0,K,1000000
571,Tyrod Taylor5,669.0,QB,1000000
572,Rodney Gunter95,669.0,DT,1000000
573,Malik Jackson97,669.0,DT,1000000
574,Kyle Fuller23,669.0,CB,1000000
575,Kyle Fuller61,669.0,CB,1000000
576,C.J. Mosley57,669.0,ILB,1000000
577,Matt Paradis61,669.0,C,1000000
578,Malcolm Brown34,669.0,RB,1000000
579,Mike Davis27,669.0,RB,1000000
580,Chris Boswell9,669.0,K,1000000
581,Margus Hunt,669.0,DE,1000000
582,Oday Aboushi76,669.0,OT,1000000
583,Mike Iupati70,669.0,G,1000000
584,Latavius Murray28,669.0,RB,1000000
585,Casey Kreiter58,669.0,LS,1000000
586,Vonn Bell24,741.0,SS,991677
587,Quincy Wilson31,742.0,CB,989207
588,Hayden Hurst81,745.0,TE,981638
589,Tyler Boyd83,746.0,WR,980769
590,Calvin Ridley18,747.0,WR,975487
591,Spencer Pulley77,748.0,C,975000
592,Austin Reiter62,748.0,C,975000
593,Tyus Bowser54,752.0,OLB,971874
594,Rashaad Penny20,753.0,RB,969338
595,Terrell Edmunds34,754.0,S,966263
596,Joe Mixon28,755.0,RB,960470
597,Ryan Anderson52,756.0,OLB,949066
598,Taven Bryan90,757.0,DT,941589
599,James Bradberry24,758.0,CB,940114
600,Josh Bellamy15,760.0,WR,930000
601,Taiwan Jones26,760.0,RB,930000
602,Bryan Anger9,760.0,P,930000
603,Andrew Sendejo34,760.0,DB,930000
604,Adrian Clayborn99,760.0,DL,930000
605,Nick Sundberg57,760.0,C,930000
606,Jake McQuaide44,760.0,LS,930000
607,Fletcher Cox91,760.0,DT,930000
608,Josh Harris47,760.0,LS,930000
609,Aaron Brewer,760.0,LS,930000
610,Aaron Brewer46,760.0,LS,930000
611,Nick Bellore44,760.0,LB,930000
612,Jon Weeks46,760.0,C,930000
613,Jason Kelce62,760.0,C,930000
614,Anthony Sherman42,760.0,RB,930000
615,Mike Hughes21,792.0,CB,928522
616,DeMarcus Walker57,793.0,DE,926260
617,Cody Latimer12,794.0,WR,925000
618,Sony Michel26,795.0,RB,917577
619,Lamar Jackson21,796.0,QB,910529
620,Lamar Jackson8,796.0,QB,910529
621,Foster Moreau87,797.0,TE,910000
622,Darren Fells87,798.0,TE,900000
623,John Miller67,798.0,OG,900000
624,Tyler Larsen69,798.0,C,900000
625,Ryan Allen9,798.0,P,900000
626,John Simon55,798.0,DE,900000
627,Bobby Hart68,798.0,OG,900000
628,Shamar Stephen93,798.0,DT,900000
629,Raekwon McMillan52,810.0,ILB,892049
630,Dalvin Tomlinson94,811.0,DT,880646
631,Zach Cunningham41,812.0,OLB,871522
632,Ethan Pocic77,813.0,C,865821
633,Chidobe Awuzie24,814.0,CB,854417
634,Tyrann Mathieu32,815.0,CB,850000
635,Chris Banjo31,815.0,S,850000
636,David Mayo55,815.0,ILB,850000
637,Brent Urban92,815.0,DE,850000
638,Josh Hill89,815.0,TE,850000
639,Wil Lutz3,815.0,K,850000
640,D.J. Fluker78,815.0,OT,850000
641,Denzel Perryman52,815.0,ILB,850000
642,Preston Smith91,815.0,DE,850000
643,Neiko Thorpe23,815.0,DB,850000
644,P.J. Williams26,815.0,CB,850000
645,Josh Jones26,829.0,S,849856
646,Josh Jones79,829.0,S,849856
647,JuJu Smith-Schuster19,830.0,WR,846434
648,Dion Dawkins73,831.0,OG,845294
649,Taylor Moton72,832.0,OT,843014
650,Tanoh Kpassagnon92,833.0,DE,832838
651,Maxx Crosby98,836.0,EDGE,822500
652,Austin Corbett63,837.0,C,821745
653,Larry Ogunjobi65,838.0,DT,820200
654,Jonathan Bullard90,839.0,DE,820000
655,James Winchester41,839.0,LS,820000
656,Will Hernandez71,841.0,OG,818670
657,Nick Chubb24,842.0,RB,815595
658,Ahkello Witherspoon23,843.0,CB,815375
659,Dawuane Smoot94,844.0,DE,812500
660,Justice Hill43,844.0,RB,812500
661,Dru Samia73,844.0,OL,812500
662,Cooper Kupp18,847.0,WR,811000
663,Pat Elflein65,848.0,C,809500
664,Darius Leonard53,849.0,LB,809446
665,Alvin Kamara41,850.0,RB,807500
666,Braden Smith72,851.0,OG,806986
667,Richard Rodgers82,853.0,TE,805000
668,Ryan Griffin84,853.0,QB,805000
669,Ryan Griffin4,853.0,QB,805000
670,David Fales3,853.0,QB,805000
671,Jordan Richards28,853.0,SS,805000
672,Lane Johnson65,853.0,OT,805000
673,Vince Williams98,853.0,ILB,805000
674,De'Anthony Thomas16,853.0,RB,805000
675,Phillip Gaines29,853.0,CB,805000
676,Danny Shelton71,853.0,DT,805000
677,A.J. Cann60,853.0,OG,805000
678,Nick Williams97,853.0,DT,805000
679,Trey Flowers90,853.0,DE,805000
680,Terrence Brooks25,853.0,FS,805000
681,Tyler Shatley69,853.0,OG,805000
682,James O'Shaughnessy80,853.0,TE,805000
683,Dakota Dozier78,853.0,OT,805000
684,Bashaud Breeland21,853.0,CB,805000
685,Blake Bell80,853.0,TE,805000
686,John Jenkins,853.0,DT,805000
687,Benson Mayowa91,853.0,DE,805000
688,Levine Toilolo85,853.0,TE,805000
689,Joe Cardona49,853.0,LS,805000
690,Blidi Wreh-Wilson33,853.0,CB,805000
691,Sean Mannion4,853.0,QB,805000
692,Cedric Ogbuehi74,853.0,OT,805000
693,Justin Coleman27,853.0,CB,805000
694,Xavier Su'a-Filo76,853.0,OG,805000
695,Kevin Pierre-Louis57,853.0,OLB,805000
696,Rod Smith34,853.0,RB,805000
697,Jordan Devey65,853.0,T,805000
698,Andrew Donnal76,853.0,OT,805000
699,Bradley Pinion8,853.0,P,805000
700,Greg Van Roten73,853.0,G,805000
701,Kevin Minter51,853.0,ILB,805000
702,Nate Orchard54,853.0,OLB,805000
703,Maxx Williams87,853.0,TE,805000
704,Jesse James83,853.0,TE,805000
705,Jaylen Watkins27,853.0,CB,805000
706,Jeremiah Attaochu97,853.0,OLB,805000
707,Alex Okafor97,853.0,DE,805000
708,Frank Clark55,853.0,DE,805000
709,Geremy Davis11,853.0,WR,805000
710,Logan Thomas82,853.0,QB/TE,805000
711,Chris Conley18,853.0,WR,805000
712,Charley Hughlett47,853.0,LS,805000
713,Rakeem Nunez-Roches56,853.0,DT,805000
714,Luke Willson82,853.0,TE,805000
715,Daniel Brown87,853.0,TE,805000
716,Dontae Johnson27,853.0,FS,805000
717,Ben Garland63,853.0,DL,805000
718,Tyeler Davison96,853.0,DT,805000
719,LaRoy Reynolds59,853.0,LB,805000
720,Ben Powers72,947.0,OL,802500
721,Michael Palardy2,949.0,P,800000
722,Sheldrick Redwine29,949.0,S,800000
723,James Daniels68,951.0,C,795916
724,Dan Feeney66,952.0,OG,793000
725,Isaiah Johnson31,953.0,CB,792500
726,Courtland Sutton14,954.0,WR,790996
727,Mike Gesicki88,956.0,TE,780542
728,Marcus Davenport92,957.0,DE,779632
729,Kerryon Johnson33,958.0,RB,775622
730,Alex Tanney3,959.0,QB,775000
731,Taywan Taylor10,960.0,WR,773500
732,Dante Pettis18,961.0,WR,770934
733,Josh Jackson37,962.0,CB,764368
734,Jordan Willis60,963.0,DE,754750
735,Ben Braunecker82,964.0,TE,750000
736,Eric Tomlinson83,964.0,TE,750000
737,Isaac Seumalo73,967.0,OG,749000
738,Christian Kirk13,968.0,WR,747948
739,Uchenna Nwosu42,970.0,OLB,741799
740,Chris Wormley93,971.0,DT,736000
741,Nick Vannett88,971.0,TE,736000
742,Dallas Goedert88,973.0,TE,735649
743,Connor Williams52,974.0,OT,729500
744,Duke Riley50,975.0,OLB,726500
745,Anthony Miller17,976.0,WR,723350
746,Sheldon Day91,977.0,DT,720000
747,Joel Heath93,977.0,DT,720000
748,Anthony Zettel92,977.0,DE,720000
749,Tyrell Adams50,977.0,LB,720000
750,Kamu Grugier-Hill54,977.0,OLB,720000
751,Ted Karras75,977.0,OG,720000
752,Tyler Ervin32,977.0,RB,720000
753,Stephen Weatherly91,977.0,OLB,720000
754,Rick Lovato45,977.0,LS,720000
755,Hassan Ridgeway98,977.0,DT,720000
756,Pharoh Cooper14,977.0,WR,720000
757,Ameer Abdullah31,977.0,RB,720000
758,T.J. Green24,977.0,FS,720000
759,Damien Wilson54,977.0,ILB,720000
760,Andy Janovich32,977.0,FB,720000
761,Trevor Davis,977.0,WR,720000
762,Tyler Matakevich44,977.0,ILB,720000
763,DeForest Buckner99,977.0,DT,720000
764,Derek Watt34,977.0,FB,720000
765,Sharrod Neasman41,977.0,S,720000
766,Maurice Canady28,977.0,CB,720000
767,LeShaun Sims38,977.0,CB,720000
768,Riley Dixon9,977.0,P,720000
769,Andrew Adams26,977.0,FS,720000
770,Mike Thomas80,977.0,WR,720000
771,DeAndre Houston-Carson36,977.0,FS,720000
772,Carson Wentz11,977.0,QB,720000
773,Dwayne Washington24,977.0,RB,720000
774,Kameron Canaday57,977.0,LS,720000
775,C.J. Goodwin29,977.0,WR,720000
776,Joe Dahl66,977.0,OG,720000
777,Jayron Kearse27,977.0,SS,720000
778,Darius Jennings11,977.0,WR,720000
779,Senorise Perry,977.0,RB,720000
780,Clayton Fejedelem42,977.0,FS,720000
781,Damiere Byrd14,977.0,WR,720000
782,Cody Core17,977.0,WR,720000
783,Jihad Ward53,977.0,DE,720000
784,Jakeem Grant19,977.0,WR,720000
785,Darian Thompson23,977.0,FS,720000
786,DeAndre Washington24,977.0,RB,720000
787,Josh Andrews63,977.0,G,720000
788,B.J. Goodson93,977.0,OLB,720000
789,Darren Waller83,977.0,WR,720000
790,Danny Vitale45,977.0,FB,720000
791,Luke Rhodes46,977.0,LB,720000
792,Joey Bosa97,977.0,DE,720000
793,Romeo Okwara95,977.0,DE,720000
794,MyCole Pruitt85,977.0,TE,720000
795,Patrick Scales48,977.0,LS,720000
796,Deon Bush26,977.0,FS,720000
797,John Wetzel75,977.0,T,720000
798,Ibraheim Campbell,977.0,SS,720000
799,Jeff Driskel9,977.0,QB,720000
800,Kavon Frazier,977.0,FS,720000
801,Andrew Billings99,977.0,DT,720000
802,Brett Jones61,977.0,C,720000
803,Chris Moore10,977.0,WR,720000
804,Miles Killebrew35,977.0,SS,720000
805,Shilique Calhoun90,977.0,DE,720000
806,Kemoko Turay57,1061.0,OLB,717200
807,Alex Anzalone47,1062.0,OLB,717000
808,Zach Gentry81,1063.0,TE,715000
809,M.J. Stewart36,1064.0,CB,711051
810,Dre Greenlaw57,1065.0,LB,710000
811,Hunter Renfrow13,1066.0,WR,707500
812,Daylon Mack94,1068.0,DL,704500
813,Cameron Smith59,1069.0,LB,702500
814,Reid Ferguson69,1070.0,LS,700000
815,Matt LaCosse83,1070.0,TE,700000
816,E.J. Speed45,1070.0,LB,700000
817,Kerry Hyder92,1070.0,DT,700000
818,Donte Jackson26,1074.0,CB,698751
819,P.J. Hall92,1076.0,DT,693830
820,Isaiah Oliver26,1077.0,CB,690757
821,Tim Williams47,1078.0,OLB,690000
822,Tarell Basham93,1079.0,DE,687500
823,Derrius Guice29,1080.0,RB,686452
824,James Washington13,1081.0,WR,684607
825,Fabian Moreau31,1082.0,CB,684000
826,Brian O'Neill75,1084.0,OT,680302
827,Shaquill Griffin26,1085.0,DB,680000
828,Kaden Smith82,1086.0,TE,679750
829,Carlton Davis24,1087.0,CB,679687
830,Eddie Vanderdoes95,1088.0,DT,679000
831,Tyquan Lewis94,1089.0,DE,678457
832,Cameron Sutton20,1091.0,CB,677400
833,Chris Godwin14,1092.0,WR,677000
834,Kenny Golladay19,1094.0,WR,676000
835,Jourdan Lewis26,1095.0,CB,675000
836,Justin Skule67,1096.0,OT,672500
837,Ka'dar Hollman29,1096.0,CB,672500
838,Chad Williams11,1098.0,WR,671500
839,Montravius Adams90,1099.0,DT,671000
840,Armon Watts96,1100.0,DL,670000
841,Dexter Williams22,1100.0,RB,670000
842,Marcus Epps37,1100.0,S,670000
843,Rasul Douglas32,1100.0,CB,670000
844,Jonnu Smith81,1104.0,TE,669000
845,Trey Hendrickson91,1105.0,DE,668000
846,James Conner30,1105.0,RB,668000
847,Brandon Parker75,1107.0,OT,666152
848,Lorenzo Carter59,1108.0,DE,665613
849,Sam Beal23,1109.0,DE,665559
850,Chad Thomas92,1110.0,DE,665000
851,Justin Reid20,1111.0,FS,664979
852,B.J. Hill95,1112.0,DT,664345
853,Fred Warner54,1113.0,OLB,663137
854,Royce Freeman28,1115.0,RB,661000
855,Mason Rudolph2,1116.0,QB,658267
856,Nathan Shepherd97,1117.0,DT,656000
857,Jerome Baker55,1118.0,OLB,654000
858,Ty Summers44,1119.0,LB,652500
859,Jamal Adams33,1122.0,SS,645000
860,Treyvon Hester,1122.0,DT,645000
861,Corey Clement30,1122.0,RB,645000
862,Al-Quadin Muhammad97,1122.0,DE,645000
863,Jacob Hollister48,1122.0,TE,645000
864,Ross Travis43,1122.0,TE,645000
865,Dede Westbrook12,1122.0,WR,645000
866,Rashaad Coward69,1122.0,DT,645000
867,Trey Edmunds33,1122.0,RB,645000
868,Mike Purcell98,1122.0,DT,645000
869,Arthur Maulet23,1122.0,CB,645000
870,Joe Walker59,1122.0,ILB,645000
871,Julie'n Davenport70,1122.0,OT,645000
872,Marquel Lee52,1122.0,ILB,645000
873,Mike Hilton28,1122.0,CB,645000
874,Alex Ellis85,1122.0,TE,645000
875,Tarik Cohen29,1122.0,RB,645000
876,Eli Ankou91,1122.0,DT,645000
877,Ryan Glasgow98,1122.0,DT,645000
878,DeAndrew White18,1122.0,WR,645000
879,Kareem Hunt27,1122.0,RB,645000
880,Danny Isidora65,1122.0,OG,645000
881,Brian Hill23,1122.0,RB,645000
882,Chuck Clark36,1122.0,FS,645000
883,Matt Haack2,1122.0,P,645000
884,Corey Davis84,1122.0,WR,645000
885,Jake Elliott4,1122.0,K,645000
886,Justin Hardee34,1122.0,WR,645000
887,Josh Reynolds83,1122.0,WR,645000
888,Zach Wood49,1122.0,DE,645000
889,Jaleel Johnson94,1122.0,DT,645000
890,Patrick Mahomes15,1122.0,QB,645000
891,Tanner Vallejo51,1122.0,ILB,645000
892,Jamaal Williams30,1122.0,RB,645000
893,Jesse Davis77,1122.0,T,645000
894,Cody Hollister16,1122.0,WR,645000
895,Jaydon Mickens85,1122.0,WR,645000
896,Aldrick Rosas2,1122.0,K,645000
897,D.J. Jones93,1122.0,DT,645000
898,Eddie Jackson39,1122.0,SS,645000
899,Kalif Raymond14,1122.0,WR,645000
900,Vince Biegel47,1122.0,OLB,645000
901,Ben Gedeon42,1122.0,ILB,645000
902,Adam Butler70,1122.0,DT,645000
903,Tony McRae29,1122.0,CB,645000
904,Joey Hunt53,1122.0,C,645000
905,De'Vante Bausby41,1122.0,DB,645000
906,Justin McCray65,1122.0,G,645000
907,Keelan Cole84,1122.0,WR,645000
908,J.D. McKissic41,1122.0,WR,645000
909,Xavier Woods25,1122.0,SS,645000
910,Shalom Luani42,1122.0,SS,645000
911,Davon Godchaux56,1122.0,DT,645000
912,David Moore83,1122.0,WR,645000
913,Jayon Brown55,1122.0,ILB,645000
914,Eric Saubert43,1122.0,TE,645000
915,Nate Hairston21,1122.0,CB,645000
916,Jermaine Eluemunor65,1122.0,OG,645000
917,Aviante Collins76,1122.0,OG,645000
918,Elijhaa Penny39,1122.0,RB,645000
919,Juston Burris31,1122.0,CB,645000
920,Patrick Ricard42,1122.0,DE,645000
921,Grover Stewart90,1122.0,DT,645000
922,Josh Ferguson36,1122.0,RB,645000
923,Elijah Lee47,1122.0,OLB,645000
924,Corn Elder29,1122.0,CB,645000
925,Lucas Patrick62,1122.0,G,645000
926,Mack Hollins86,1122.0,WR,645000
927,Samaje Perine,1122.0,RB,645000
928,Harrison Butker7,1122.0,K,645000
929,George Kittle85,1122.0,TE,645000
930,Carl Lawson58,1122.0,DE,645000
931,Vincent Taylor96,1122.0,DT,645000
932,Brandon Wilson40,1122.0,CB,645000
933,Antony Auclair82,1122.0,TE,645000
934,Erik Magnuson62,1122.0,OT,645000
935,Aaron Jones33,1122.0,RB,645000
936,D.J. Foster37,1122.0,RB,645000
937,Darrell Daniels81,1122.0,TE,645000
938,Devin Smith15,1122.0,WR,645000
939,Conor McDermott69,1122.0,OT,645000
940,Blake Jarwin89,1122.0,TE,645000
941,Trevon Coley93,1122.0,DL,645000
942,T.J. Logan22,1122.0,RB,645000
943,David Sharpe72,1122.0,OT,645000
944,Chris Carson32,1122.0,RB,645000
945,Anthony Walker54,1122.0,LB,645000
946,Marvin Hall17,1122.0,WR,645000
947,Michael Davis43,1122.0,WR,645000
948,Solomon Thomas94,1122.0,DE,645000
949,Jalen Reeves-Maybin44,1122.0,OLB,645000
950,Donte Deayon21,1122.0,DB,645000
951,Jeremy Sprinkle87,1122.0,TE,645000
952,Kendrick Bourne84,1122.0,WR,645000
953,Roy Robertson-Harris95,1122.0,LB,645000
954,Elijah Wilkinson68,1122.0,OT,645000
955,Thomas Hennessy42,1122.0,LS,645000
956,Ryan Switzer10,1122.0,WR,645000
957,Isaiah Irving47,1122.0,OLB,645000
958,Chase Roullier73,1122.0,C,645000
959,Tanzel Smart92,1122.0,DT,645000
960,Rigoberto Sanchez8,1122.0,P,645000
961,Tyler Ott69,1122.0,LS,645000
962,Wayne Gallman22,1122.0,RB,645000
963,Dylan Cole51,1122.0,LB,645000
964,Damontae Kazee27,1122.0,CB,645000
965,Jordan Evans50,1122.0,ILB,645000
966,Rayshawn Jenkins23,1122.0,FS,645000
967,Matt Feiler71,1122.0,T,645000
968,Josh Harvey-Clemons40,1122.0,SS,645000
969,Isaac Rochell98,1122.0,DE,645000
970,Sam Tevi69,1122.0,OT,645000
971,Eric Wilson50,1122.0,ILB,645000
972,Mason Schreck86,1122.0,TE,645000
973,Kyle Peko77,1122.0,DT,645000
974,Alex Armah40,1122.0,FB,645000
975,Josh Tupou91,1122.0,DT,645000
976,Caleb Brantley99,1122.0,DT,645000
977,Dean Marlowe31,1122.0,S,645000
978,Matt Skura68,1122.0,C,645000
979,Samson Ebukam50,1122.0,OLB,645000
980,Branden Jackson93,1122.0,DE,645000
981,Taysom Hill7,1122.0,QB,645000
982,Austin Ekeler30,1122.0,RB,645000
983,Charles Washington28,1122.0,DB,645000
984,Daeshon Hall74,1122.0,DE,645000
985,Stephen Anderson82,1122.0,TE,645000
986,Jeremy McNichols34,1122.0,RB,645000
987,Greg Mabin29,1122.0,CB,645000
988,Matt Milano58,1122.0,OLB,645000
989,Zane Gonzalez5,1122.0,K,645000
990,Matt Breida22,1122.0,RB,645000
991,Nicholas Morrow50,1122.0,LB,645000
992,Carlos Watkins91,1122.0,DT,645000
993,Adrian Colbert36,1122.0,SS,645000
994,Bronson Kaufusi91,1122.0,DE,645000
995,C.J. Ham30,1122.0,RB,645000
996,James Burgess58,1122.0,LB,645000
997,Isaiah McKenzie19,1122.0,WR,645000
998,Nathan Gerry47,1122.0,SS,645000
999,Ricky Seals-Jones83,1122.0,WR,645000
1000,Devante Bond53,1122.0,OLB,645000
1001,Mitchell Trubisky10,1122.0,QB,645000
1002,Torry McTyer20,1122.0,CB,645000
1003,Marlon Mack25,1122.0,RB,645000
1004,Zach Banner72,1122.0,OG,645000
1005,Rudy Ford36,1122.0,S,645000
1006,Cooper Rush7,1122.0,QB,645000
1007,Jamal Agnew39,1122.0,CB,645000
1008,Jordan Dangerfield37,1122.0,FS,645000
1009,Maurice Smith46,1122.0,FS,645000
1010,Adam Pankey78,1122.0,OG,645000
1011,Josh Malone83,1122.0,WR,645000
1012,Sam Hubbard94,1303.0,DE,640000
1013,Rasheem Green98,1304.0,DT,639000
1014,Malik Jefferson46,1305.0,OLB,635000
1015,Martinas Rankin74,1306.0,OT,634000
1016,Michael Gallup13,1307.0,WR,629000
1017,Tracy Walker21,1308.0,S,628000
1018,Mark Andrews89,1311.0,TE,624500
1019,Arden Key99,1312.0,DE,624250
1020,Deadrin Senat94,1313.0,DT,622000
1021,Justin Jones93,1314.0,DT,621481
1022,Chukwuma Okorafor76,1315.0,OT,620000
1023,Ronnie Harrison36,1316.0,SS,617500
1024,Tre'Quan Smith10,1317.0,WR,616500
1025,Alex Cappa65,1318.0,OT,615000
1026,Oren Burks42,1319.0,ILB,606500
1027,Tarvarius Moore33,1320.0,S,603000
1028,Kyle Nelson86,1321.0,TE,601765
1029,Derrick Nnadi91,1322.0,DT,601500
1030,Jordan Akins88,1323.0,TE,600000
1031,Rashaan Gaulden38,1324.0,CB,595250
1032,Dorian O'Daniel44,1325.0,OLB,584000
1033,Tre Flowers21,1326.0,SS,570000
1034,Chris Jones95,1326.0,CB,570000
1035,Chris Jones25,1326.0,CB,570000
1036,Chris Jones6,1326.0,CB,570000
1037,Dane Cruikshank29,1326.0,CB,570000
1038,Harvey Langi44,1326.0,ILB,570000
1039,Skai Moore55,1326.0,OLB,570000
1040,Ray-Ray McCloud14,1326.0,WR,570000
1041,Grant Haley34,1326.0,CB,570000
1042,Boston Scott35,1326.0,RB,570000
1043,Cameron Johnston1,1326.0,P,570000
1044,Nigel Harris57,1326.0,OLB,570000
1045,Michael Dickson4,1326.0,P,570000
1046,Doug Middleton39,1326.0,S,570000
1047,Matt Gono73,1326.0,T,570000
1048,Michael Badgley4,1326.0,K,570000
1049,Efe Obada94,1326.0,LB,570000
1050,Jamil Douglas75,1326.0,OG,570000
1051,Kaare Vedvik7,1326.0,P,570000
1052,DeAndre Carter14,1326.0,WR,570000
1053,Josh Rosen3,1326.0,QB,570000
1054,Zaire Franklin44,1326.0,LB,570000
1055,Pharaoh Brown86,1326.0,TE,570000
1056,Calvin Munson48,1326.0,OLB,570000
1057,Robert Davis14,1326.0,WR,570000
1058,Tim Patrick81,1326.0,WR,570000
1059,Antwaun Woods99,1326.0,NT,570000
1060,Buddy Howell38,1326.0,RB,570000
1061,Folorunso Fatukasi94,1326.0,DT,570000
1062,Greg Stroman37,1326.0,CB,570000
1063,Taron Johnson24,1326.0,CB,570000
1064,Darrel Williams31,1326.0,RB,570000
1065,Poona Ford97,1326.0,DT,570000
1066,Charvarius Ward35,1326.0,DB,570000
1067,KhaDarel Hodge12,1326.0,WR,570000
1068,Will Redmond25,1326.0,CB,570000
1069,Dennis Gardeck45,1326.0,LB,570000
1070,Garrett Gilbert3,1326.0,QB,570000
1071,Tim Settle97,1326.0,DT,570000
1072,Quenton Nelson56,1326.0,OG,570000
1073,Breon Borders48,1326.0,CB,570000
1074,Kyzir White44,1326.0,S,570000
1075,Bradley Bozeman77,1326.0,C,570000
1076,Daniel Carlson8,1326.0,K,570000
1077,Ogbonnia Okoronkwo45,1326.0,DE,570000
1078,Robert Foster16,1326.0,WR,570000
1079,Eric Smith79,1326.0,OG,570000
1080,Marcus Allen27,1326.0,S,570000
1081,Ryan Lewis24,1326.0,DB,570000
1082,John Kelly42,1326.0,RB,570000
1083,Chris Board49,1326.0,LB,570000
1084,Deante Burton33,1326.0,WR,570000
1085,Dorance Armstrong92,1326.0,DE,570000
1086,Marcell Harris36,1326.0,S,570000
1087,Matt Dickerson92,1326.0,DE,570000
1088,Frankie Luvu50,1326.0,LB,570000
1089,De'Lance Turner34,1326.0,RB,570000
1090,Trey Marshall36,1326.0,S,570000
1091,Cethan Carter82,1326.0,TE,570000
1092,Mo Alie-Cox81,1326.0,TE,570000
1093,Sam Darnold14,1326.0,QB,570000
1094,Craig James39,1326.0,CB,570000
1095,Johnny Mundt82,1326.0,TE,570000
1096,DaeSean Hamilton17,1326.0,WR,570000
1097,Phillip Lindsay30,1326.0,RB,570000
1098,Jalyn Holmes91,1326.0,DE,570000
1099,Marcell Ateman88,1326.0,WR,570000
1100,Harrison Phillips99,1326.0,DT,570000
1101,Roderick Johnson63,1326.0,OT,570000
1102,Darious Williams31,1326.0,CB,570000
1103,Kalen Ballage27,1326.0,RB,570000
1104,Mike Ford38,1326.0,CB,570000
1105,Olasunkanmi Adeniyi92,1326.0,DE,570000
1106,Raven Greene24,1326.0,S,570000
1107,Gus Edwards35,1326.0,RB,570000
1108,Trey Quinn18,1326.0,WR,570000
1109,Justin Jackson22,1326.0,RB,570000
1110,Will Clapp64,1326.0,C,570000
1111,Jason Sanders7,1326.0,K,570000
1112,Greg Joseph7,1326.0,K,570000
1113,Justin Murray71,1326.0,T,570000
1114,Troy Apke30,1326.0,S,570000
1115,Nick Nelson23,1326.0,CB,570000
1116,Demone Harris52,1326.0,DE,570000
1117,Mike Boone23,1326.0,RB,570000
1118,Jason Cabinda53,1326.0,ILB,570000
1119,Jordan Whitehead33,1326.0,SS,570000
1120,Deon Yelder82,1326.0,TE,570000
1121,Tim Boyle8,1326.0,QB,570000
1122,Brett Maher2,1326.0,K,570000
1123,Marquez Valdes-Scantling83,1326.0,WR,570000
1124,Tyrell Crosby65,1326.0,OT,570000
1125,Auden Tate19,1326.0,WR,570000
1126,Ahmad Thomas52,1326.0,FS,570000
1127,Jalen Davis30,1326.0,CB,570000
1128,Sean Harlow64,1326.0,OG,570000
1129,Brandon Facyson28,1326.0,CB,570000
1130,Robert Tonyan85,1326.0,TE,570000
1131,Alexander Johnson45,1326.0,LB,570000
1132,Cornell Armstrong30,1326.0,CB,570000
1133,Bilal Nichols98,1326.0,DT,570000
1134,Garrett Dickerson89,1326.0,TE,570000
1135,Trent Sherfield16,1326.0,WR,570000
1136,Jake Kumerow16,1326.0,WR,570000
1137,Brandon Zylstra16,1326.0,WR,570000
1138,Josh Sweat94,1326.0,DE,570000
1139,Jordan Roos64,1326.0,OG,570000
1140,Matthew Adams49,1326.0,LB,570000
1141,Korey Cunningham74,1326.0,OT,570000
1142,Chase Edmonds29,1326.0,RB,570000
1143,Jullian Taylor77,1326.0,DT,570000
1144,Bradley Chubb55,1326.0,DE,570000
1145,B.J. Bello49,1326.0,LB,570000
1146,Ricky Ortiz30,1326.0,FB,570000
1147,Damion Ratley18,1326.0,WR,570000
1148,Russell Gage83,1326.0,WR,570000
1149,Joshua Kalu46,1326.0,CB,570000
1150,Vyncint Smith17,1326.0,WR,570000
1151,Tavierre Thomas20,1326.0,DB,570000
1152,Mike McGlinchey69,1326.0,OT,570000
1153,JK Scott6,1326.0,P,570000
1154,Siran Neal33,1326.0,CB,570000
1155,Corey Bojorquez9,1326.0,P,570000
1156,Logan Cooke9,1326.0,P,570000
1157,Dan Arnold82,1326.0,WR,570000
1158,Darius Phillips24,1326.0,CB,570000
1159,Jordan Wilkins20,1326.0,RB,570000
1160,Ifeadi Odenigbo95,1326.0,DE,570000
1161,Isaiah Ford84,1326.0,WR,570000
1162,Andre Smith57,1326.0,ILB,570000
1163,Andre Smith76,1326.0,ILB,570000
1164,Evan Brown68,1326.0,C,570000
1165,Baker Mayfield6,1326.0,QB,570000
1166,Levi Wallace39,1326.0,CB,570000
1167,Ian Thomas80,1326.0,TE,570000
1168,Natrell Jamerson30,1326.0,FS,570000
1169,Will Dissly89,1326.0,TE,570000
1170,Kylie Fitts49,1326.0,DE,570000
1171,Jason Vander Laan86,1326.0,TE,570000
1172,Jermaine Grace48,1326.0,LB,570000
1173,Tyler Lancaster95,1326.0,DL,570000
1174,Tre Herndon37,1326.0,CB,570000
1175,Joel Iyiegbuniwe45,1326.0,LB,570000
1176,Sean Chandler36,1326.0,FS,570000
1177,Avery Moss93,1326.0,DE,570000
1178,Armani Watts23,1326.0,FS,570000
1179,Dalton Schultz86,1326.0,TE,570000
1180,Dalyn Dawkins28,1326.0,RB,570000
1181,Josey Jewell47,1326.0,ILB,570000
1182,Austin Calitro47,1326.0,LB,570000
1183,Genard Avery58,1326.0,LB,570000
1184,Marquis Haynes98,1326.0,OLB,570000
1185,Hunter Bradley43,1326.0,LS,570000
1186,Devante Downs52,1326.0,LB,570000
1187,Josh Adams36,1326.0,RB,570000
1188,Matt Pryor69,1326.0,OT,570000
1189,Shaquem Griffin49,1326.0,OLB,570000
1190,Ito Smith25,1326.0,RB,570000
1191,Chad Beebe12,1326.0,WR,570000
1192,Leon Jacobs48,1326.0,OLB,570000
1193,Nick Mullens4,1326.0,QB,570000
1194,Zach Pascal14,1326.0,WR,570000
1195,Ryan Neal35,1326.0,DB,570000
1196,Ike Boettger65,1326.0,G,570000
1197,Taybor Pepper46,1326.0,LS,570000
1198,Danny Johnson41,1326.0,CB,570000
1199,Ben Niemann56,1326.0,LB,570000
1200,Keith Kirkwood19,1326.0,WR,570000
1201,Andrew Wylie77,1326.0,T,570000
1202,Aaron Stinnie64,1326.0,G,570000
1203,Marcus Johnson83,1326.0,WR,570000
1204,Zach Sieler92,1326.0,DE,570000
1205,James Crawford51,1326.0,LB,570000
1206,Jermaine Carter56,1326.0,LB,570000
1207,Scott Quessenberry61,1326.0,C,570000
1208,Jack Cichy48,1326.0,ILB,570000
1209,Brian Allen40,1326.0,C,570000
1210,Brian Allen55,1326.0,C,570000
1211,Nyheim Hines21,1326.0,RB,570000
1212,Tony Brown27,1326.0,CB,570000
1213,Tony Brown,1326.0,CB,570000
1214,Da'Shawn Hand93,1326.0,DE,570000
1215,Tae Davis55,1326.0,LB,570000
1216,Jamil Demby64,1326.0,OT,570000
1217,Taylor Stallworth95,1326.0,DT,570000
1218,Shaun Dion Hamilton51,1326.0,LB,570000
1219,Avonte Maddox29,1326.0,CB,570000
1220,Trenton Cannon25,1326.0,RB,570000
1221,Chris Herndon89,1326.0,TE,570000
1222,Ross Dwelley82,1326.0,TE,570000
1223,Foyesade Oluokun54,1326.0,S,570000
1224,Dontrell Hilliard25,1326.0,RB,570000
1225,Ja'Whaun Bentley51,1326.0,ILB,570000
1226,Justin Watson17,1326.0,WR,570000
1227,Mitchell Loewen70,1326.0,DE,570000
1228,Keke Coutee16,1326.0,WR,570000
1229,Anthony Averett34,1326.0,CB,570000
1230,Kenny Young41,1326.0,LB,570000
1231,Chandon Sullivan39,1326.0,CB,570000
1232,Corey Thompson52,1326.0,LB,570000
1233,Peter Kalambayi58,1326.0,LB,570000
1234,Tremon Smith38,1326.0,LB,570000
1235,Alex Light70,1326.0,T,570000
1236,Da'Mari Scott18,1326.0,WR,570000
1237,Parry Nickerson35,1326.0,CB,570000
1238,Gehrig Dieter12,1326.0,WR,570000
1239,Trent Sieg47,1326.0,LS,570000
1240,Bruce Hector90,1326.0,DT,570000
1241,Justin Zimmer99,1326.0,DT,570000
1242,George Odum30,1326.0,S,570000
1243,Jacob Martin54,1326.0,LB,570000
1244,Jamal Carter35,1326.0,S,570000
1245,J.T. Gray48,1326.0,DB,570000
1246,Devaroe Lawrence93,1326.0,DL,570000
1247,J.C. Jackson27,1326.0,DB,570000
1248,Jaylen Samuels38,1326.0,RB,570000
1249,DeShon Elliott32,1326.0,SS,570000
1250,Javon Wims83,1326.0,WR,570000
1251,Durham Smythe81,1326.0,TE,570000
1252,Davontae Harris27,1326.0,CB,570000
1253,Anthony Firkser86,1326.0,TE,570000
1254,Keion Crossen35,1326.0,CB,570000
1255,Dee Virgin30,1326.0,CB,570000
1256,Wyatt Teller77,1326.0,OG,570000
1257,Josh Allen41,1326.0,QB,570000
1258,Josh Allen17,1326.0,QB,570000
1259,Jordan Thomas83,1326.0,TE,570000
1260,Mason Cole52,1326.0,C,570000
1261,Deontay Burnett16,1326.0,WR,570000
1262,Reggie Gilbert93,1326.0,LB,570000
1263,Tyler Conklin83,1326.0,TE,570000
1264,Tanner Hudson88,1326.0,TE,570000
1265,Isaac Yiadom26,1326.0,CB,570000
1266,Ben Braden70,1326.0,OG,570000
1267,Maurice Hurst73,1326.0,DT,570000
1268,Jeremiah Valoaga94,1326.0,DE,570000
1269,Jahlani Tavai51,1584.0,LB,495000
1270,Bennett Jackson39,1584.0,CB,495000
1271,Andrew Beck83,1584.0,TE,495000
1272,Nick Allegretti73,1584.0,G,495000
1273,Mack Wilson51,1584.0,LB,495000
1274,Braxton Berrios10,1584.0,WR,495000
1275,Isaiah Buggs96,1584.0,DL,495000
1276,Malik Reed59,1584.0,LB,495000
1277,Codey McElroy86,1584.0,WR,495000
1278,Nick Gates65,1584.0,OT,495000
1279,Isaac Nauta89,1584.0,TE,495000
1280,Kelvin Harmon13,1584.0,WR,495000
1281,Jarrett Stidham4,1584.0,QB,495000
1282,Clelin Ferrell96,1584.0,EDGE,495000
1283,Chris Lacy15,1584.0,WR,495000
1284,Drew Forbes79,1584.0,OT,495000
1285,Cyril Grayson15,1584.0,WR,495000
1286,Joey Slye4,1584.0,K,495000
1287,Cody Barton57,1584.0,LB,495000
1288,Ed Oliver91,1584.0,DL,495000
1289,Shakial Taylor38,1584.0,CB,495000
1290,Andrew Brown93,1584.0,DE,495000
1291,Jordan Chunn38,1584.0,RB,495000
1292,Deebo Samuel19,1584.0,WR,495000
1293,Tevin Jones14,1584.0,WR,495000
1294,Matthew Orzech46,1584.0,TE,495000
1295,Jordan Scarlett20,1584.0,RB,495000
1296,Saquan Hampton33,1584.0,S,495000
1297,J.P. Holtz81,1584.0,TE,495000
1298,Juan Thornhill22,1584.0,S,495000
1299,Anthony Nelson98,1584.0,DL,495000
1300,Michael Deiter63,1584.0,OL,495000
1301,Zach Triner97,1584.0,LS,495000
1302,Trace McSorley7,1584.0,QB,495000
1303,Diontae Johnson18,1584.0,WR,495000
1304,Will Harris25,1584.0,S,495000
1305,Brandon Dillon86,1584.0,TE,495000
1306,Kris Boyd38,1584.0,CB,495000
1307,John Ursua15,1584.0,WR,495000
1308,Christian Miller55,1584.0,EDGE,495000
1309,Xavier Crawford20,1584.0,CB,495000
1310,Dare Ogunbowale44,1584.0,RB,495000
1311,Chris Lammons38,1584.0,DB,495000
1312,Hale Hentges88,1584.0,TE,495000
1313,Germaine Pratt57,1584.0,LB,495000
1314,Wes Martin67,1584.0,G,495000
1315,Blake Cashman53,1584.0,LB,495000
1316,Nick Bawden46,1584.0,RB,495000
1317,Gunner Olszewski80,1584.0,WR,495000
1318,Fred Brown19,1584.0,WR,495000
1319,Travis Fulgham14,1584.0,WR,495000
1320,Miles Sanders26,1584.0,RB,495000
1321,Emmanuel Moseley41,1584.0,CB,495000
1322,Daniel Brunskill60,1584.0,OT,495000
1323,Kyler Murray1,1584.0,QB,495000
1324,Kingsley Keke96,1584.0,DL,495000
1325,Chase Winovich50,1584.0,EDGE,495000
1326,Chris Peace58,1584.0,DE,495000
1327,Drew Lock3,1584.0,QB,495000
1328,Brian Burns53,1584.0,EDGE,495000
1329,Nsimba Webster14,1584.0,WR,495000
1330,Deonte Harris11,1584.0,WR,495000
1331,Linden Stephens32,1584.0,CB,495000
1332,Deon Cain17,1584.0,WR,495000
1333,Dalton Risner66,1584.0,OL,495000
1334,Andrew Van Ginkel43,1584.0,LB,495000
1335,Jake Rodgers69,1584.0,T,495000
1336,Jaeden Graham87,1584.0,TE,495000
1337,Frank Herron75,1584.0,DL,495000
1338,Isaiah Prince71,1584.0,OL,495000
1339,Kahzin Daniels41,1584.0,LB,495000
1340,Robert Jackson34,1584.0,CB,495000
1341,Troy Fumagalli84,1584.0,TE,495000
1342,Khalen Saunders99,1584.0,DT,495000
1343,Steven Parker26,1584.0,DB,495000
1344,Myles Gaskin37,1584.0,RB,495000
1345,Diontae Spencer11,1584.0,WR,495000
1346,David Long51,1584.0,LB,495000
1347,Drue Tranquill49,1584.0,LB,495000
1348,Jamie Gillan7,1584.0,P,495000
1349,Trevon Wesco85,1584.0,TE,495000
1350,Ryan Connelly57,1584.0,LB,495000
1351,Renell Wren95,1584.0,DL,495000
1352,KeeSean Johnson19,1584.0,WR,495000
1353,Byron Cowart99,1584.0,DL,495000
1354,Jordan Kunaszyk43,1584.0,LB,495000
1355,Montez Sweat90,1584.0,EDGE,495000
1356,Darius Slayton86,1584.0,WR,495000
1357,John Franklin19,1584.0,DB,495000
1358,Jimmy Moreland32,1584.0,CB,495000
1359,Amani Oruwariye24,1584.0,CB,495000
1360,Erik McCoy78,1584.0,OL,495000
1361,Greg Gaines91,1584.0,DL,495000
1362,Rashard Davis12,1584.0,WR,495000
1363,Natrez Patrick57,1584.0,LB,495000
1364,Sean Murphy-Bunting23,1584.0,CB,495000
1365,Jester Weah19,1584.0,WR,495000
1366,Nick Scott33,1584.0,S,495000
1367,D'Ernest Johnson30,1584.0,RB,495000
1368,Coleman Shelton65,1584.0,C,495000
1369,Trent Harris97,1584.0,DL,495000
1370,Jonathan Wynn69,1584.0,DE,495000
1371,Andre Dillard77,1584.0,OL,495000
1372,Kentavius Street95,1584.0,DT,495000
1373,Isaiah Mack97,1584.0,DT,495000
1374,Ryan Finley5,1584.0,QB,495000
1375,Jeffery Simmons98,1584.0,DL,495000
1376,Sione Takitaki44,1584.0,LB,495000
1377,Jamarco Jones73,1584.0,OT,495000
1378,Dennis Daley65,1584.0,OL,495000
1379,Roderic Teamer36,1584.0,S,495000
1380,Cedrick Wilson11,1584.0,WR,495000
1381,Devine Ozigbo33,1584.0,RB,495000
1382,T.J. Hockenson88,1584.0,TE,495000
1383,Jalen Thompson34,1584.0,TE,495000
1384,Austin Schlottmann71,1584.0,G,495000
1385,Andrew Wingard42,1584.0,S,495000
1386,Marquise Blair27,1584.0,S,495000
1387,Gary Jennings16,1584.0,WR,495000
1388,Luke Gifford57,1584.0,LB,495000
1389,Ken Webster31,1584.0,CB,495000
1390,Darvin Kidsy84,1584.0,WR,495000
1391,Jacob Tuioti-Mariner91,1584.0,DT,495000
1392,Patrick Mekari65,1584.0,G,495000
1393,Blessuan Austin31,1584.0,CB,495000
1394,Greedy Williams26,1584.0,CB,495000
1395,Tuzar Skipper51,1584.0,LB,495000
1396,Byron Pringle13,1584.0,WR,495000
1397,Hercules Mata'afa51,1584.0,DE,495000
1398,Ryan Izzo85,1584.0,TE,495000
1399,Quincy Williams56,1584.0,TE,495000
1400,Charles Omenihu94,1584.0,DL,495000
1401,Dallin Leavitt32,1584.0,S,495000
1402,Kyle Allen10,1584.0,QB,495000
1403,Cole Holcomb55,1584.0,LB,495000
1404,Mitch Wishnowsky6,1584.0,P,495000
1405,C.J. Board16,1584.0,WR,495000
1406,David Long51,1584.0,CB,495000
1407,Cullen Gillaspia44,1584.0,RB,495000
1408,Olamide Zaccheaus17,1584.0,WR,495000
1409,Trey Pipkins79,1584.0,OT,495000
1410,James Vaughters93,1584.0,LB,495000
1411,Khari Willis37,1584.0,S,495000
1412,Drew Sample89,1584.0,TE,495000
1413,Darwin Thompson34,1584.0,RB,495000
1414,Miles Brown72,1584.0,DT,495000
1415,Andre James68,1584.0,T,495000
1416,Bo Scarbrough43,1584.0,RB,495000
1417,Zach Allen94,1584.0,DL,495000
1418,Trayvon Mullen27,1584.0,CB,495000
1419,Nate Davis64,1584.0,OL,495000
1420,Chris Lindstrom63,1584.0,OL,495000
1421,Tytus Howard71,1584.0,OL,495000
1422,Noah Fant87,1584.0,TE,495000
1423,Darryl Johnson92,1584.0,DE,495000
1424,Brady Sheldon45,1584.0,LB,495000
1425,Keisean Nixon22,1584.0,CB,495000
1426,Shy Tuttle99,1584.0,DL,495000
1427,Jake Bailey7,1584.0,P,495000
1428,Cam Sims89,1584.0,WR,495000
1429,Corey Ballentine25,1584.0,CB,495000
1430,Patrick Laird42,1584.0,RB,495000
1431,Andy Isabella89,1584.0,WR,495000
1432,David Montgomery32,1584.0,RB,495000
1433,Dre'Mont Jones93,1584.0,DL,495000
1434,Qadree Ollison30,1584.0,RB,495000
1435,David Edwards73,1584.0,OL,495000
1436,Joe Jackson56,1584.0,EDGE,495000
1437,Dakota Allen53,1584.0,LB,495000
1438,Michael Jordan60,1584.0,OL,495000
1439,Jonathan Owens36,1584.0,S,495000
1440,Juwann Winfree15,1584.0,WR,495000
1441,Greg Little74,1584.0,OL,495000
1442,Amani Hooker37,1584.0,S,495000
1443,Jerry Tillery99,1584.0,DL,495000
1444,Fred Johnson74,1584.0,G,495000
1445,Shareef Miller51,1584.0,EDGE,495000
1446,Duke Williams82,1584.0,WR,495000
1447,Dan Skipper70,1584.0,OT,495000
1448,Bobby Okereke58,1584.0,LB,495000
1449,Quinnen Williams95,1584.0,DL,495000
1450,Emeke Egbule51,1584.0,LB,495000
1451,Beau Benzschawel63,1584.0,G,495000
1452,Ryan Nall35,1584.0,RB,495000
1453,Ben Burr-Kirven55,1584.0,LB,495000
1454,Joe Giles-Harris43,1584.0,LB,495000
1455,Nick Bosa97,1584.0,EDGE,495000
1456,Brad Lundblade64,1584.0,C,495000
1457,Jaylon Ferguson45,1584.0,DE,495000
1458,Jakobi Meyers16,1584.0,WR,495000
1459,Kerrith Whyte40,1584.0,RB,495000
1460,Tony Pollard20,1584.0,RB,495000
1461,Joejuan Williams33,1584.0,CB,495000
1462,Jawaan Taylor75,1584.0,OL,495000
1463,A.J. Brown11,1584.0,WR,495000
1464,Trayveon Williams32,1584.0,RB,495000
1465,Trysten Hill97,1584.0,DL,495000
1466,Daniel Ekuale96,1584.0,DL,495000
1467,Marquise Brown15,1584.0,WR,495000
1468,Taylor Rapp24,1584.0,S,495000
1469,Rico Gafford10,1584.0,WR,495000
1470,Elgton Jenkins74,1584.0,OL,495000
1471,Matt Gay9,1584.0,K,495000
1472,L.J. Collier95,1584.0,DL,495000
1473,Jaleel Scott12,1584.0,WR,495000
1474,Travin Howard48,1584.0,OLB,495000
1475,Devin Bush55,1584.0,LB,495000
1476,Mark Fields32,1584.0,CB,495000
1477,Parris Campbell15,1584.0,WR,495000
1478,Joshua Miles66,1584.0,OT,495000
1479,Chandler Cox38,1584.0,RB,495000
1480,Nasir Adderley24,1584.0,S,495000
1481,Bryan Mone79,1584.0,DT,495000
1482,Josh Oliver89,1584.0,TE,495000
1483,Dexter Lawrence97,1584.0,DL,495000
1484,Chuma Edoga75,1584.0,OL,495000
1485,Patrick Morris50,1584.0,C,495000
1486,Max Scharping74,1584.0,OT,495000
1487,Travis Homer25,1584.0,RB,495000
1488,John Cominsky50,1584.0,DE,495000
1489,Austin Seibert4,1584.0,K,495000
1490,Damien Harris37,1584.0,RB,495000
1491,Reggie Bonnafon39,1584.0,RB,495000
1492,Riley Ridley88,1584.0,WR,495000
1493,Darrius Shepherd9,1584.0,WR,495000
1494,Dawson Knox88,1584.0,TE,495000
1495,Rock Ya-Sin26,1584.0,CB,495000
1496,Miles Boykin80,1584.0,WR,495000
1497,Ryan Hunter60,1584.0,T,495000
1498,Ty Johnson31,1584.0,RB,495000
1499,Johnathan Abram24,1584.0,S,495000
1500,Devin Singletary26,1584.0,RB,495000
1501,Joey Ivie96,1584.0,DT,495000
1502,Dontavius Russell98,1584.0,DL,495000
1503,Will Grier7,1584.0,QB,495000
1504,Preston Williams18,1584.0,WR,495000
1505,Allen Lazard13,1584.0,WR,495000
1506,Mike Edwards34,1584.0,S,495000
1507,Josh Allen41,1584.0,EDGE,495000
1508,Josh Allen17,1584.0,EDGE,495000
1509,Krishawn Hogan81,1584.0,WR,495000
1510,Kaden Elliss55,1584.0,LB,495000
1511,Brandin Bryant90,1584.0,DL,495000
1512,Abdullah Anderson76,1584.0,DT,495000
1513,David Blough10,1584.0,QB,495000
1514,Jace Sternberger87,1584.0,TE,495000
1515,Cole Luke32,1584.0,CB,495000
1516,Shaq Calhoun62,1584.0,G,495000
1517,Garrett Bradbury56,1584.0,OL,495000
1518,Eddy Pineiro15,1584.0,K,495000
1519,Quentin Poling51,1584.0,LB,495000
1520,Alec Ingold45,1584.0,FB,495000
1521,Carl Granderson96,1584.0,DE,495000
1522,Cortez Broughton91,1584.0,DL,495000
1523,Alexander Mattison25,1584.0,RB,495000
1524,Josh Jacobs28,1584.0,RB,495000
1525,Timon Parris61,1584.0,T,495000
1526,Justin Hollins52,1584.0,EDGE,495000
1527,Troy Reeder51,1584.0,LB,495000
1528,Kaleb McGary76,1584.0,OL,495000
1529,Jamel Dean35,1584.0,CB,495000
1530,Robert Spillane41,1584.0,LB,495000
1531,Kendall Sheffield20,1584.0,CB,495000
1532,Ryquell Armstead23,1584.0,RB,495000
1533,N'Keal Harry15,1584.0,WR,495000
1534,Sam Ficken9,1584.0,K,495000
1535,Christian Wilkins94,1584.0,DL,495000
1536,Trayvon Henderson41,1584.0,S,495000
1537,Tommy Sweeney89,1584.0,TE,495000
1538,Cody Ford70,1584.0,OL,495000
1539,Daniel Jones8,1584.0,QB,495000
1540,Austin Cutting58,1584.0,LS,495000
1541,David Quessenberry72,1584.0,OT,495000
1542,Deionte Thompson35,1584.0,S,495000
1543,Jeremy Reaves39,1584.0,FS,495000
1544,Azeez Al-Shaair51,1584.0,LB,495000
1545,Andre Patton16,1584.0,WR,495000
1546,Bobby Evans71,1584.0,OL,495000
1547,Josh Woods55,1584.0,LB,495000
1548,Julian Love20,1584.0,CB,495000
1549,Devin White45,1584.0,LB,495000
1550,Duke Shelley33,1584.0,CB,495000
1551,John Atkins99,1584.0,DT,495000
1552,Brandon Knight69,1584.0,T,495000
1553,Oshane Ximines53,1584.0,EDGE,495000
1554,Kevin Strong92,1584.0,DT,495000
1555,Kyle Phillips98,1584.0,DL,495000
1556,Rolan Milligan42,1584.0,S,495000
1557,Damion Willis15,1584.0,WR,495000
1558,Alex Singleton49,1584.0,LB,495000
1559,Nate Herbig67,1584.0,G,495000
1560,Evan Baylis88,1584.0,TE,495000
1561,Donovan Olumba32,1584.0,CB,495000
1562,Justin Layne31,1584.0,CB,495000
1563,Cole Mazza45,1584.0,LS,495000
1564,Donovan Wilson37,1584.0,S,495000
1565,Austin Bryant94,1584.0,EDGE,495000
1566,Mecole Hardman17,1584.0,WR,495000
1567,Christian Blake13,1584.0,WR,495000
1568,Terry McLaurin17,1584.0,WR,495000
1569,Rashad Fenton27,1584.0,CB,495000
1570,Jaquan Johnson46,1584.0,CB,495000
1571,Michael Dogbe91,1584.0,DL,495000
1572,Ross Pierschbacher64,1584.0,OL,495000
1573,Alex Redmond62,1912.0,G,493236
1574,Holton Hill24,1913.0,CB,435882
