PlayerID,Salary
Kirk Cousins8,27500000
Marcus Mariota8,20922000
Jameis Winston,20922000
Derek Carr4,19900000
Jimmy Garoppolo10,17200000
Von Miller58,17000000
Mike Evans13,17000000
Chandler Jones55,16500000
Andy Dalton,16000000
Olivier Vernon54,15250000
Grady Jarrett97,15209000
Taylor Lewan77,14500000
Leonard Williams99,14200000
Tom Brady12,14000000
Amari Cooper19,13924000
Jason Pierre-Paul90,13650000
Matthew Stafford9,13500000
Russell Okung76,13000000
J.J. Watt99,13000000
Andrew Norwell68,13000000
A.J. Bouye21,13000000
T.Y. Hilton13,13000000
Nate Solder76,12900000
Darius Slay24,12550000
Brandon Scherff75,12525000
Kawann Short99,12500000
Jarvis Landry80,12500000
DeAndre Hopkins10,12500000
Calais Campbell93,12000000
Sammy Watkins14,11950000
Alshon Jeffery17,11750000
Patrick Peterson21,11000000
Larry Fitzgerald11,11000000
Josh Norman24,11000000
Philip Rivers17,11000000
Terron Armstead72,10700000
Jurrell Casey99,10550000
Malcolm Butler21,10500000
Bobby Wagner54,10500000
Ryan Kerrigan91,10500000
Xavier Rhodes27,10400000
Eric Fisher72,10350000
Emmanuel Sanders17,10250000
Andrew Whitworth77,10250000
Janoris Jenkins20,10150000
Ryan Jensen66,10000000
Kevin Zeitler70,10000000
Keenan Allen13,10000000
Tyron Smith77,10000000
Zack Martin70,10000000
Joe Haden23,10000000
Lavonte David54,9750000
D.J. Humphries74,9625000
Andrus Peat75,9625000
Julio Jones11,9600000
Jimmy Smith22,9500000
Desmond Trufant21,9500000
Danielle Hunter99,9400000
Riley Reiff71,9400000
Nelson Agholor13,9387000
Brandon Williams98,9250000
Shaq Thompson54,9232000
Bud Dupree48,9232000
Aaron Donald99,9108000
Damarious Randall23,9069000
Marcus Peters24,9069000
Trae Waynes26,9069000
Arik Armstead91,9046000
Devin McCourty32,9000000
Stefon Diggs14,8900000
Linval Joseph95,8900000
Cameron Heyward97,8750000
Alex Mack51,8500000
David Bakhtiari69,8500000
Harrison Smith22,8350000
Rodney Hudson61,8250000
Malcolm Jenkins27,8100000
Geno Atkins97,8000000
Akiem Hicks96,8000000
Brandon Brooks79,8000000
Zach Ertz86,8000000
Derek Wolfe95,8000000
Sheldon Richardson98,8000000
Duane Brown76,8000000
Cameron Jordan94,8000000
Kenny Stills12,7975000
Michael Brockers90,7777777
Larry Warford67,7650000
Travis Kelce87,7500000
T.J. Carrie38,7500000
Kyle Rudolph82,7275000
Marqise Lee11,7250000
Star Lotulelei98,7150000
David DeCastro66,7070000
Christian Kirksey58,7000000
Tyrone Crawford98,7000000
Donovan Smith76,7000000
Dont'a Hightower54,7000000
Richard Sherman25,7000000
Cameron Brate84,7000000
Albert Wilson15,6975000
Jerry Hughes55,6800000
Gabe Jackson66,6750000
Trey Burton80,6700000
La'el Collins71,6516750
Zach Fulton73,6500000
Jake Matthews70,6500000
Mario Addison97,6500000
Anthony Hitchens53,6500000
Joel Bitonio75,6500000
Kiko Alonso54,6485000
Byron Jones31,6266000
Anthony Castonzo74,6250000
Laurent Duvernay-Tardif76,6203000
Chris Hubbard74,6150000
DaQuan Jones90,6000000
Stephon Tuitt91,6000000
Mitchell Schwartz71,6000000
Robert Quinn94,6000000
Benardrick McKinney55,6000000
Robert Woods17,6000000
Brian Winters67,6000000
Mike Pouncey53,6000000
Demario Davis56,5950000
Adam Thielen19,5850000
Danny Trevathan59,5800000
Trent Murphy93,5800000
Bryan Bulaga75,5800000
D.J. Hayden25,5750000
Whitney Mercilus59,5750000
David Johnson31,5700000
Melvin Gordon25,5605000
Bobby McCain28,5600000
Weston Richburg58,5500000
Brandon Linder65,5500000
Marcus Cannon61,5500000
Trai Turner70,5297000
Eric Ebron85,5250000
Travis Benjamin17,5250000
Ndamukong Suh93,5250000
Jack Doyle84,5150000
Nick Foles9,5000000
Tyrell Williams16,5000000
Alejandro Villanueva78,5000000
Justin Pugh67,5000000
Russell Wilson3,5000000
Trent Brown77,5000000
Ja'Wuan James70,5000000
Bradley Roby21,5000000
Robbie Gould9,4971000
Dee Ford55,4750000
Morgan Moses76,4750000
Lamarcus Joyner29,4700000
Dontari Poe95,4500000
Ben Jones60,4500000
Mitch Morse60,4400000
Corey Linsley63,4300000
Jared Goff16,4259683
Kyle Van Noy53,4250000
Danny Amendola80,4250000
D.J. Swearinger36,4250000
Kyle Juszczyk44,4200000
Vance McDonald89,4200000
Eric Kendricks54,4150000
A.J. Klein53,4100000
Patrick Robinson21,4000000
Todd Davis51,4000000
Allen Hurns17,4000000
Shaq Mason69,4000000
Chase Daniel4,4000000
Dion Lewis33,4000000
Micah Hyde23,3950000
Rashan Gary52,3950000
Tyler Lockett16,3907000
Ezekiel Elliott21,3853137
John Brown15,3800000
William Gholston92,3750000
Jalen Ramsey20,3634227
Daniel Sorensen49,3600000
Shawn Williams36,3500000
Devon Kennard42,3500000
Case Keenum8,3500000
DeVante Parker11,3500000
Ricardo Allen37,3500000
Denico Autry96,3500000
Jimmy Graham80,3450000
Barkevious Mingo50,3400000
Giovani Bernard25,3400000
Abry Jones95,3400000
Nickell Robey-Coleman31,3300000
Johnny Hekker6,3250000
Corey Peters98,3250000
Ronnie Stanley79,3243318
Myles Garrett95,3229750
Mason Crosby2,3200000
Ty Nsekhe77,3200000
Sam Koch4,3150000
Ali Marpet74,3125000
Darnell Savage26,3120000
Carlos Dunlap96,3100000
Patrick Onwuasor48,3095000
B.J. Finney67,3095000
Jonathan Jones31,3095000
Robby Anderson11,3095000
Ka'imi Fairbairn7,3095000
Jalen Richard30,3095000
Matthias Farley41,3095000
Michael Pierce98,3095000
Shelby Harris96,3095000
Trey Hopkins66,3095000
George Fant74,3095000
Cory Littleton58,3095000
Anthony Harris41,3095000
Evan Boehm76,3095000
Daryl Worley20,3095000
Devin Funchess11,3000000
Gerald McCoy93,3000000
Kareem Jackson22,3000000
Jaquiski Tartt29,3000000
Colt McCoy12,3000000
Quinton Dunbar23,3000000
Cordarrelle Patterson84,3000000
Marquise Goodwin1,2950000
Jordan Poyer21,2950000
Thomas Morstead6,2950000
Tahir Whitehead52,2950000
Leonard Fournette27,2933258
Bradley McDougald30,2900000
Anthony Barr55,2900000
Brian Hoyer2,2800000
Davante Adams17,2750000
Matt Ryan2,2750000
Chris Thompson25,2750000
Chris Thompson2,2750000
Brandon McManus8,2750000
Senio Kelemete64,2750000
Chris Smith50,2750000
Allen Bailey93,2750000
Britton Colquitt2,2700000
Quandre Diggs37,2657000
Jack Conklin78,2617862
Leonard Floyd94,2602208
Lane Taylor65,2600000
Jack Crawford95,2550000
Rob Havenstein79,2500000
Duron Harmon21,2500000
Johnson Bademosi29,2500000
Terrance Mitchell39,2500000
Kenny Wiggins79,2500000
James White28,2500000
Jamon Brown68,2500000
Ben Roethlisberger7,2500000
Virgil Green88,2500000
Christian Jones52,2450000
Sam Martin5,2400000
Lawrence Guy93,2400000
Jon Feliciano76,2400000
Bobby Massie70,2400000
Kevin Huber10,2350000
Greg Zuerlein2,2325000
Khalil Mack52,2300000
Dustin Hopkins3,2275000
Mike Williams81,2260448
Jordan Phillips97,2250000
Buster Skrine24,2250000
Ryan Griffin84,2250000
Ryan Griffin4,2250000
Ryan Griffin84,805000
Ryan Griffin4,805000
Daryl Williams60,2250000
Eddie Goldman91,2250000
Justin Ellis71,2250000
Cole Beasley10,2200000
Matt Prater5,2200000
Sheldon Rankins98,2195680
Laremy Tunsil78,2148770
Karl Joseph42,2070589
Christian McCaffrey22,2032390
Rashod Hill69,2025000
Will Parks28,2025000
Quinton Jefferson99,2025000
Jordan Howard24,2025000
De'Vondre Campbell59,2025000
Kenyan Drake41,2025000
Blake Martinez54,2025000
D.J. Reader98,2025000
Jordan Jenkins48,2025000
Justin Simmons31,2025000
Joe Schobert47,2025000
Austin Hooper81,2025000
Ryan Smith29,2025000
Wes Schweitzer71,2025000
Elandon Roberts52,2025000
Brennan Scarlett57,2025000
Connor McGovern60,2025000
Connor McGovern66,2025000
Graham Glasgow61,2025000
Brandon Dunn92,2025000
Caleb Benenoch74,2025000
Carl Nassib94,2025000
Tajae Sharpe19,2025000
Anthony Brown30,2025000
Xavier Grimble85,2025000
Troy Hill22,2025000
Maliek Collins96,2025000
Ken Crawley32,2025000
Dean Lowry94,2025000
Halapoulivaati Vaitai72,2025000
Peyton Barber25,2025000
Jatavis Brown53,2025000
Austin Blythe66,2025000
Yannick Ngakoue91,2025000
Brandon Shell72,2025000
Nick Kwiatkoski44,2025000
Kevin Byard31,2025000
Dak Prescott4,2025000
Joe Haeg73,2025000
Javon Hargrave93,2025000
Trevor Williams41,2025000
David Onyemata93,2025000
Tyler Higbee89,2025000
Jalen Mills21,2025000
Kendall Fuller29,2025000
Alex Lewis71,2025000
Jordan Lucas21,2025000
Eric Murray22,2015500
Demarcus Robinson11,2015500
Kyler Fackrell51,2010000
Jordan Hicks58,2000000
Beau Allen91,2000000
Jacoby Brissett7,2000000
Lerentee McCray55,2000000
Nate Ebner43,2000000
Adam Humphries10,2000000
Jeff Heath38,2000000
Stephen Hauschka4,2000000
Ereck Flowers77,2000000
Nick Easton62,2000000
Henry Anderson96,2000000
Randall Cobb18,2000000
Nick Vigil59,2000000
Angelo Blackson97,2000000
Laken Tomlinson75,2000000
Kevin Johnson29,2000000
Jared Cook87,2000000
Jimmie Ward20,2000000
Andre Roberts18,2000000
Jeff Heuerman82,2000000
Ty Sambrailo74,2000000
Andy Lee4,2000000
Ha Ha Clinton-Dix27,2000000
Jason Witten82,2000000
Le'Veon Bell26,2000000
Sean Lee50,2000000
Jason McCourty30,2000000
Breshad Perriman19,2000000
James Carpenter77,2000000
Joe Thuney62,1995000
Golden Tate15,1975000
Tyreek Hill10,1965036
Taylor Decker68,1945498
Keanu Neal22,1914224
Greg Olsen88,1900000
Lee Smith85,1900000
Michael Thomas31,1900000
Michael Thomas13,1900000
Michael Thomas31,1148041
Michael Thomas13,1148041
Patrick Chung23,1900000
Saquon Barkley26,1897943
Ryan Kelly78,1875134
Marshon Lattimore23,1861324
Shaq Lawson90,1851679
Josh Doctson13,1820405
Denzel Ward21,1805698
Laquon Treadwell80,1804770
Brett Kern6,1800000
Chris Jones95,1800000
Chris Jones25,1800000
Chris Jones6,1800000
Chris Jones95,1199714
Chris Jones25,1199714
Chris Jones6,1199714
Chris Jones95,570000
Chris Jones25,570000
Chris Jones6,570000
Duke Johnson25,1800000
Tyler Kroft81,1800000
Artie Burns25,1757861
Kwon Alexander56,1750000
Joe Thomas48,1750000
Cody Davis22,1750000
Rex Burkhead34,1750000
Ryan Tannehill17,1750000
Quinton Spain67,1750000
Kenny Clark97,1726588
Deshaun Watson4,1724480
Seth Roberts15,1700000
Haason Reddick43,1690270
Derek Barnett96,1633252
Malik Hooker29,1610446
Derek Carrier85,1600000
Matthew Slater18,1600000
Patrick DiMarco42,1600000
Germain Ifedi74,1577060
K'Waun Williams24,1550000
Tevin Coleman26,1550000
Marlon Humphrey44,1542044
Jonathan Allen93,1519216
J.R. Sweezy64,1500000
DeMarcus Lawrence90,1500000
Jamison Crowder82,1500000
Sherrick McManis27,1500000
Jonotthan Harrison78,1500000
Justin Bethel29,1500000
Tress Way5,1500000
Mark Glowinski64,1500000
Steve McLendon99,1500000
Carl Davis79,1500000
Zach Kerr92,1500000
Jason Myers5,1500000
Rodney McLeod23,1500000
Greg Mancz65,1500000
K.J. Wright50,1500000
Adrian Phillips31,1500000
Brandon Copeland51,1500000
C.J. Uzomah87,1500000
Steven Nelson22,1500000
Ryan Fitzpatrick14,1500000
Adoree' Jackson25,1490708
Ben Banogu52,1482500
Randy Bullock4,1475000
O.J. Howard80,1473602
Garett Bolles72,1467900
Jarrad Davis40,1462198
Charles Harris,1450794
Geronimo Allison81,1450000
Jarrod Wilson26,1450000
Evan Engram88,1439391
Gareon Conley22,1416584
Tom Compton66,1410000
Jabrill Peppers21,1405181
Drew Brees9,1400000
Raheem Mostert31,1400000
Keith Smith40,1400000
Alex Erickson12,1400000
Takkarist McKinley98,1393775
Tre'Davious White27,1382374
Taco Charlton96,1376672
Eric Rowe21,1375000
Nick Dzubnar48,1375000
Emmanuel Ogbah90,1351315
Dennis Kelly71,1350000
Billy Turner77,1350000
Spencer Long61,1350000
Jaylon Smith54,1335678
David Njoku85,1330918
Roquan Smith58,1319871
Myles Jack44,1313787
T.J. Watt90,1306688
Rashaan Melvin22,1300000
Xavien Howard25,1285642
Erik Harris25,1275000
Ryan Ramczyk71,1273323
Noah Spence57,1273132
Sterling Shepard87,1260623
Pat O'Donnell16,1250000
Adrian Amos31,1250000
Stefen Wisniewski61,1250000
Al Woods97,1250000
Roosevelt Nix33,1250000
Beau Brinkley48,1250000
Matt Barkley5,1250000
Teddy Bridgewater5,1250000
Demetrius Harris86,1250000
Tyson Alualu94,1250000
Kenny Vaccaro24,1250000
Bruce Irvin51,1250000
Kamalei Correa44,1234043
Minkah Fitzpatrick39,1227626
Deshazor Everett22,1225000
Austin Johnson98,1222122
Kendall Lamm70,1200000
Reggie Ragland59,1196551
Derrick Henry22,1187445
Hunter Henry86,1170042
A'Shawn Robinson91,1163678
Vita Vea50,1153829
Kyle Wilber58,1150000
Jordan Berry4,1150000
Vernon Butler92,1144980
Tre Boston33,1125000
Mike Remmers75,1125000
Brett Hundley7,1125000
Jarran Reed91,1116769
Kevin King20,1108717
Cam Robinson74,1103015
Nick Martin66,1101133
Mark Nzeocha53,1100000
Max Garcia73,1100000
Aaron Rodgers12,1100000
Jason Verrett22,1100000
Eric Kush72,1100000
Kolton Miller74,1092333
Budda Baker32,1085910
Zay Jones12,1081348
Forrest Lamp77,1071084
Deion Jones45,1069860
Marcus Maye20,1060822
Tremaine Edmunds49,1055434
Curtis Samuel10,1051698
Marcedes Lewis89,1050000
Damien Williams26,1050000
Derwin James33,1043134
Dalvin Cook33,1042576
Mackensie Alexander21,1038587
Marcus Williams43,1032313
Richie Incognito64,1030000
Adrian Peterson26,1030000
Clark Harris46,1030000
Andre Smith57,1030000
Andre Smith76,1030000
Andre Smith57,570000
Andre Smith76,570000
DeSean Jackson10,1030000
L.P. Ladouceur91,1030000
Don Muhlbach48,1030000
Matt Schaub8,1030000
J.J. Jansen44,1030000
Jaire Alexander23,1027761
Cody Whitehair65,1026077
L.J. Fort58,1025000
Sidney Jones22,1023190
Leighton Vander Esch55,1018535
Frank Ragnow77,1015461
Gerald Everett81,1014497
Billy Price53,1012386
Sean Davis21,1007314
Rashaan Evans54,1006236
Adam Shaheen87,1002322
Isaiah Wynn76,1000087
Tyler Eifert88,1000000
Malcom Brown90,1000000
Quincy Enunwa81,1000000
Landon Collins20,1000000
Stephon Gilmore24,1000000
Brandin Cooks12,1000000
Maurkice Pouncey53,1000000
Brent Qvale79,1000000
Pierre Desir35,1000000
T.J. Yeldon22,1000000
Mike Pennel64,1000000
Justin Houston50,1000000
Shaquil Barrett58,1000000
Nick O'Leary86,1000000
Za'Darius Smith55,1000000
Brandon Bolden38,1000000
Denzelle Good71,1000000
Morgan Cox46,1000000
Josh Lambo4,1000000
Nevin Lawson26,1000000
Brandon Graham55,1000000
Darryl Roberts27,1000000
Brian Poole34,1000000
Joe Looney73,1000000
Johnathan Hankins90,1000000
Justin Tucker9,1000000
Nick Boyle86,1000000
Cameron Fleming75,1000000
Jake Ryan47,1000000
Chris Reed64,1000000
Craig Robertson52,1000000
Christian Covington,1000000
Jamize Olawale49,1000000
Neville Hewitt46,1000000
Julian Edelman11,1000000
Ronald Darby21,1000000
Dan Bailey5,1000000
Tyrod Taylor5,1000000
Rodney Gunter95,1000000
Malik Jackson97,1000000
Kyle Fuller23,1000000
Kyle Fuller61,1000000
C.J. Mosley57,1000000
Matt Paradis61,1000000
Malcolm Brown34,1000000
Mike Davis27,1000000
Chris Boswell9,1000000
Margus Hunt,1000000
Oday Aboushi76,1000000
Mike Iupati70,1000000
Latavius Murray28,1000000
Casey Kreiter58,1000000
Vonn Bell24,991677
Quincy Wilson31,989207
Hayden Hurst81,981638
Tyler Boyd83,980769
Calvin Ridley18,975487
Spencer Pulley77,975000
Austin Reiter62,975000
Tyus Bowser54,971874
Rashaad Penny20,969338
Terrell Edmunds34,966263
Joe Mixon28,960470
Ryan Anderson52,949066
Taven Bryan90,941589
James Bradberry24,940114
Josh Bellamy15,930000
Taiwan Jones26,930000
Bryan Anger9,930000
Andrew Sendejo34,930000
Adrian Clayborn99,930000
Nick Sundberg57,930000
Jake McQuaide44,930000
Fletcher Cox91,930000
Josh Harris47,930000
Aaron Brewer,930000
Aaron Brewer46,930000
Nick Bellore44,930000
Jon Weeks46,930000
Jason Kelce62,930000
Anthony Sherman42,930000
Mike Hughes21,928522
DeMarcus Walker57,926260
Cody Latimer12,925000
Sony Michel26,917577
Lamar Jackson21,910529
Lamar Jackson8,910529
Foster Moreau87,910000
Darren Fells87,900000
John Miller67,900000
Tyler Larsen69,900000
Ryan Allen9,900000
John Simon55,900000
Bobby Hart68,900000
Shamar Stephen93,900000
Raekwon McMillan52,892049
Dalvin Tomlinson94,880646
Zach Cunningham41,871522
Ethan Pocic77,865821
Chidobe Awuzie24,854417
Tyrann Mathieu32,850000
Chris Banjo31,850000
David Mayo55,850000
Brent Urban92,850000
Josh Hill89,850000
Wil Lutz3,850000
D.J. Fluker78,850000
Denzel Perryman52,850000
Preston Smith91,850000
Neiko Thorpe23,850000
P.J. Williams26,850000
Josh Jones26,849856
Josh Jones79,849856
JuJu Smith-Schuster19,846434
Dion Dawkins73,845294
Taylor Moton72,843014
Tanoh Kpassagnon92,832838
Maxx Crosby98,822500
Austin Corbett63,821745
Larry Ogunjobi65,820200
Jonathan Bullard90,820000
James Winchester41,820000
Will Hernandez71,818670
Nick Chubb24,815595
Ahkello Witherspoon23,815375
Dawuane Smoot94,812500
Justice Hill43,812500
Dru Samia73,812500
Cooper Kupp18,811000
Pat Elflein65,809500
Darius Leonard53,809446
Alvin Kamara41,807500
Braden Smith72,806986
Richard Rodgers82,805000
David Fales3,805000
Jordan Richards28,805000
Lane Johnson65,805000
Vince Williams98,805000
De'Anthony Thomas16,805000
Phillip Gaines29,805000
Danny Shelton71,805000
A.J. Cann60,805000
Nick Williams97,805000
Trey Flowers90,805000
Terrence Brooks25,805000
Tyler Shatley69,805000
James O'Shaughnessy80,805000
Dakota Dozier78,805000
Bashaud Breeland21,805000
Blake Bell80,805000
John Jenkins,805000
Benson Mayowa91,805000
Levine Toilolo85,805000
Joe Cardona49,805000
Blidi Wreh-Wilson33,805000
Sean Mannion4,805000
Cedric Ogbuehi74,805000
Justin Coleman27,805000
Xavier Su'a-Filo76,805000
Kevin Pierre-Louis57,805000
Rod Smith34,805000
Jordan Devey65,805000
Andrew Donnal76,805000
Bradley Pinion8,805000
Greg Van Roten73,805000
Kevin Minter51,805000
Nate Orchard54,805000
Maxx Williams87,805000
Jesse James83,805000
Jaylen Watkins27,805000
Jeremiah Attaochu97,805000
Alex Okafor97,805000
Frank Clark55,805000
Geremy Davis11,805000
Logan Thomas82,805000
Chris Conley18,805000
Charley Hughlett47,805000
Rakeem Nunez-Roches56,805000
Luke Willson82,805000
Daniel Brown87,805000
Dontae Johnson27,805000
Ben Garland63,805000
Tyeler Davison96,805000
LaRoy Reynolds59,805000
Ben Powers72,802500
Michael Palardy2,800000
Sheldrick Redwine29,800000
James Daniels68,795916
Dan Feeney66,793000
Isaiah Johnson31,792500
Courtland Sutton14,790996
Mike Gesicki88,780542
Marcus Davenport92,779632
Kerryon Johnson33,775622
Alex Tanney3,775000
Taywan Taylor10,773500
Dante Pettis18,770934
Josh Jackson37,764368
Jordan Willis60,754750
Ben Braunecker82,750000
Eric Tomlinson83,750000
Isaac Seumalo73,749000
Christian Kirk13,747948
Uchenna Nwosu42,741799
Chris Wormley93,736000
Nick Vannett88,736000
Dallas Goedert88,735649
Connor Williams52,729500
Duke Riley50,726500
Anthony Miller17,723350
Sheldon Day91,720000
Joel Heath93,720000
Anthony Zettel92,720000
Tyrell Adams50,720000
Kamu Grugier-Hill54,720000
Ted Karras75,720000
Tyler Ervin32,720000
Stephen Weatherly91,720000
Rick Lovato45,720000
Hassan Ridgeway98,720000
Pharoh Cooper14,720000
Ameer Abdullah31,720000
T.J. Green24,720000
Damien Wilson54,720000
Andy Janovich32,720000
Trevor Davis,720000
Tyler Matakevich44,720000
DeForest Buckner99,720000
Derek Watt34,720000
Sharrod Neasman41,720000
Maurice Canady28,720000
LeShaun Sims38,720000
Riley Dixon9,720000
Andrew Adams26,720000
Mike Thomas80,720000
DeAndre Houston-Carson36,720000
Carson Wentz11,720000
Dwayne Washington24,720000
Kameron Canaday57,720000
C.J. Goodwin29,720000
Joe Dahl66,720000
Jayron Kearse27,720000
Darius Jennings11,720000
Senorise Perry,720000
Clayton Fejedelem42,720000
Damiere Byrd14,720000
Cody Core17,720000
Jihad Ward53,720000
Jakeem Grant19,720000
Darian Thompson23,720000
DeAndre Washington24,720000
Josh Andrews63,720000
B.J. Goodson93,720000
Darren Waller83,720000
Danny Vitale45,720000
Luke Rhodes46,720000
Joey Bosa97,720000
Romeo Okwara95,720000
MyCole Pruitt85,720000
Patrick Scales48,720000
Deon Bush26,720000
John Wetzel75,720000
Ibraheim Campbell,720000
Jeff Driskel9,720000
Kavon Frazier,720000
Andrew Billings99,720000
Brett Jones61,720000
Chris Moore10,720000
Miles Killebrew35,720000
Shilique Calhoun90,720000
Kemoko Turay57,717200
Alex Anzalone47,717000
Zach Gentry81,715000
M.J. Stewart36,711051
Dre Greenlaw57,710000
Hunter Renfrow13,707500
Daylon Mack94,704500
Cameron Smith59,702500
Reid Ferguson69,700000
Matt LaCosse83,700000
E.J. Speed45,700000
Kerry Hyder92,700000
Donte Jackson26,698751
P.J. Hall92,693830
Isaiah Oliver26,690757
Tim Williams47,690000
Tarell Basham93,687500
Derrius Guice29,686452
James Washington13,684607
Fabian Moreau31,684000
Brian O'Neill75,680302
Shaquill Griffin26,680000
Kaden Smith82,679750
Carlton Davis24,679687
Eddie Vanderdoes95,679000
Tyquan Lewis94,678457
Cameron Sutton20,677400
Chris Godwin14,677000
Kenny Golladay19,676000
Jourdan Lewis26,675000
Justin Skule67,672500
Ka'dar Hollman29,672500
Chad Williams11,671500
Montravius Adams90,671000
Armon Watts96,670000
Dexter Williams22,670000
Marcus Epps37,670000
Rasul Douglas32,670000
Jonnu Smith81,669000
Trey Hendrickson91,668000
James Conner30,668000
Brandon Parker75,666152
Lorenzo Carter59,665613
Sam Beal23,665559
Chad Thomas92,665000
Justin Reid20,664979
B.J. Hill95,664345
Fred Warner54,663137
Royce Freeman28,661000
Mason Rudolph2,658267
Nathan Shepherd97,656000
Jerome Baker55,654000
Ty Summers44,652500
Jamal Adams33,645000
Treyvon Hester,645000
Corey Clement30,645000
Al-Quadin Muhammad97,645000
Jacob Hollister48,645000
Ross Travis43,645000
Dede Westbrook12,645000
Rashaad Coward69,645000
Trey Edmunds33,645000
Mike Purcell98,645000
Arthur Maulet23,645000
Joe Walker59,645000
Julie'n Davenport70,645000
Marquel Lee52,645000
Mike Hilton28,645000
Alex Ellis85,645000
Tarik Cohen29,645000
Eli Ankou91,645000
Ryan Glasgow98,645000
DeAndrew White18,645000
Kareem Hunt27,645000
Danny Isidora65,645000
Brian Hill23,645000
Chuck Clark36,645000
Matt Haack2,645000
Corey Davis84,645000
Jake Elliott4,645000
Justin Hardee34,645000
Josh Reynolds83,645000
Zach Wood49,645000
Jaleel Johnson94,645000
Patrick Mahomes15,645000
Tanner Vallejo51,645000
Jamaal Williams30,645000
Jesse Davis77,645000
Cody Hollister16,645000
Jaydon Mickens85,645000
Aldrick Rosas2,645000
D.J. Jones93,645000
Eddie Jackson39,645000
Kalif Raymond14,645000
Vince Biegel47,645000
Ben Gedeon42,645000
Adam Butler70,645000
Tony McRae29,645000
Joey Hunt53,645000
De'Vante Bausby41,645000
Justin McCray65,645000
Keelan Cole84,645000
J.D. McKissic41,645000
Xavier Woods25,645000
Shalom Luani42,645000
Davon Godchaux56,645000
David Moore83,645000
Jayon Brown55,645000
Eric Saubert43,645000
Nate Hairston21,645000
Jermaine Eluemunor65,645000
Aviante Collins76,645000
Elijhaa Penny39,645000
Juston Burris31,645000
Patrick Ricard42,645000
Grover Stewart90,645000
Josh Ferguson36,645000
Elijah Lee47,645000
Corn Elder29,645000
Lucas Patrick62,645000
Mack Hollins86,645000
Samaje Perine,645000
Harrison Butker7,645000
George Kittle85,645000
Carl Lawson58,645000
Vincent Taylor96,645000
Brandon Wilson40,645000
Antony Auclair82,645000
Erik Magnuson62,645000
Aaron Jones33,645000
D.J. Foster37,645000
Darrell Daniels81,645000
Devin Smith15,645000
Conor McDermott69,645000
Blake Jarwin89,645000
Trevon Coley93,645000
T.J. Logan22,645000
David Sharpe72,645000
Chris Carson32,645000
Anthony Walker54,645000
Marvin Hall17,645000
Michael Davis43,645000
Solomon Thomas94,645000
Jalen Reeves-Maybin44,645000
Donte Deayon21,645000
Jeremy Sprinkle87,645000
Kendrick Bourne84,645000
Roy Robertson-Harris95,645000
Elijah Wilkinson68,645000
Thomas Hennessy42,645000
Ryan Switzer10,645000
Isaiah Irving47,645000
Chase Roullier73,645000
Tanzel Smart92,645000
Rigoberto Sanchez8,645000
Tyler Ott69,645000
Wayne Gallman22,645000
Dylan Cole51,645000
Damontae Kazee27,645000
Jordan Evans50,645000
Rayshawn Jenkins23,645000
Matt Feiler71,645000
Josh Harvey-Clemons40,645000
Isaac Rochell98,645000
Sam Tevi69,645000
Eric Wilson50,645000
Mason Schreck86,645000
Kyle Peko77,645000
Alex Armah40,645000
Josh Tupou91,645000
Caleb Brantley99,645000
Dean Marlowe31,645000
Matt Skura68,645000
Samson Ebukam50,645000
Branden Jackson93,645000
Taysom Hill7,645000
Austin Ekeler30,645000
Charles Washington28,645000
Daeshon Hall74,645000
Stephen Anderson82,645000
Jeremy McNichols34,645000
Greg Mabin29,645000
Matt Milano58,645000
Zane Gonzalez5,645000
Matt Breida22,645000
Nicholas Morrow50,645000
Carlos Watkins91,645000
Adrian Colbert36,645000
Bronson Kaufusi91,645000
C.J. Ham30,645000
James Burgess58,645000
Isaiah McKenzie19,645000
Nathan Gerry47,645000
Ricky Seals-Jones83,645000
Devante Bond53,645000
Mitchell Trubisky10,645000
Torry McTyer20,645000
Marlon Mack25,645000
Zach Banner72,645000
Rudy Ford36,645000
Cooper Rush7,645000
Jamal Agnew39,645000
Jordan Dangerfield37,645000
Maurice Smith46,645000
Adam Pankey78,645000
Josh Malone83,645000
Sam Hubbard94,640000
Rasheem Green98,639000
Malik Jefferson46,635000
Martinas Rankin74,634000
Michael Gallup13,629000
Tracy Walker21,628000
Mark Andrews89,624500
Arden Key99,624250
Deadrin Senat94,622000
Justin Jones93,621481
Chukwuma Okorafor76,620000
Ronnie Harrison36,617500
Tre'Quan Smith10,616500
Alex Cappa65,615000
Oren Burks42,606500
Tarvarius Moore33,603000
Kyle Nelson86,601765
Derrick Nnadi91,601500
Jordan Akins88,600000
Rashaan Gaulden38,595250
Dorian O'Daniel44,584000
Tre Flowers21,570000
Dane Cruikshank29,570000
Harvey Langi44,570000
Skai Moore55,570000
Ray-Ray McCloud14,570000
Grant Haley34,570000
Boston Scott35,570000
Cameron Johnston1,570000
Nigel Harris57,570000
Michael Dickson4,570000
Doug Middleton39,570000
Matt Gono73,570000
Michael Badgley4,570000
Efe Obada94,570000
Jamil Douglas75,570000
Kaare Vedvik7,570000
DeAndre Carter14,570000
Josh Rosen3,570000
Zaire Franklin44,570000
Pharaoh Brown86,570000
Calvin Munson48,570000
Robert Davis14,570000
Tim Patrick81,570000
Antwaun Woods99,570000
Buddy Howell38,570000
Folorunso Fatukasi94,570000
Greg Stroman37,570000
Taron Johnson24,570000
Darrel Williams31,570000
Poona Ford97,570000
Charvarius Ward35,570000
KhaDarel Hodge12,570000
Will Redmond25,570000
Dennis Gardeck45,570000
Garrett Gilbert3,570000
Tim Settle97,570000
Quenton Nelson56,570000
Breon Borders48,570000
Kyzir White44,570000
Bradley Bozeman77,570000
Daniel Carlson8,570000
Ogbonnia Okoronkwo45,570000
Robert Foster16,570000
Eric Smith79,570000
Marcus Allen27,570000
Ryan Lewis24,570000
John Kelly42,570000
Chris Board49,570000
Deante Burton33,570000
Dorance Armstrong92,570000
Marcell Harris36,570000
Matt Dickerson92,570000
Frankie Luvu50,570000
De'Lance Turner34,570000
Trey Marshall36,570000
Cethan Carter82,570000
Mo Alie-Cox81,570000
Sam Darnold14,570000
Craig James39,570000
Johnny Mundt82,570000
DaeSean Hamilton17,570000
Phillip Lindsay30,570000
Jalyn Holmes91,570000
Marcell Ateman88,570000
Harrison Phillips99,570000
Roderick Johnson63,570000
Darious Williams31,570000
Kalen Ballage27,570000
Mike Ford38,570000
Olasunkanmi Adeniyi92,570000
Raven Greene24,570000
Gus Edwards35,570000
Trey Quinn18,570000
Justin Jackson22,570000
Will Clapp64,570000
Jason Sanders7,570000
Greg Joseph7,570000
Justin Murray71,570000
Troy Apke30,570000
Nick Nelson23,570000
Demone Harris52,570000
Mike Boone23,570000
Jason Cabinda53,570000
Jordan Whitehead33,570000
Deon Yelder82,570000
Tim Boyle8,570000
Brett Maher2,570000
Marquez Valdes-Scantling83,570000
Tyrell Crosby65,570000
Auden Tate19,570000
Ahmad Thomas52,570000
Jalen Davis30,570000
Sean Harlow64,570000
Brandon Facyson28,570000
Robert Tonyan85,570000
Alexander Johnson45,570000
Cornell Armstrong30,570000
Bilal Nichols98,570000
Garrett Dickerson89,570000
Trent Sherfield16,570000
Jake Kumerow16,570000
Brandon Zylstra16,570000
Josh Sweat94,570000
Jordan Roos64,570000
Matthew Adams49,570000
Korey Cunningham74,570000
Chase Edmonds29,570000
Jullian Taylor77,570000
Bradley Chubb55,570000
B.J. Bello49,570000
Ricky Ortiz30,570000
Damion Ratley18,570000
Russell Gage83,570000
Joshua Kalu46,570000
Vyncint Smith17,570000
Tavierre Thomas20,570000
Mike McGlinchey69,570000
JK Scott6,570000
Siran Neal33,570000
Corey Bojorquez9,570000
Logan Cooke9,570000
Dan Arnold82,570000
Darius Phillips24,570000
Jordan Wilkins20,570000
Ifeadi Odenigbo95,570000
Isaiah Ford84,570000
Evan Brown68,570000
Baker Mayfield6,570000
Levi Wallace39,570000
Ian Thomas80,570000
Natrell Jamerson30,570000
Will Dissly89,570000
Kylie Fitts49,570000
Jason Vander Laan86,570000
Jermaine Grace48,570000
Tyler Lancaster95,570000
Tre Herndon37,570000
Joel Iyiegbuniwe45,570000
Sean Chandler36,570000
Avery Moss93,570000
Armani Watts23,570000
Dalton Schultz86,570000
Dalyn Dawkins28,570000
Josey Jewell47,570000
Austin Calitro47,570000
Genard Avery58,570000
Marquis Haynes98,570000
Hunter Bradley43,570000
Devante Downs52,570000
Josh Adams36,570000
Matt Pryor69,570000
Shaquem Griffin49,570000
Ito Smith25,570000
Chad Beebe12,570000
Leon Jacobs48,570000
Nick Mullens4,570000
Zach Pascal14,570000
Ryan Neal35,570000
Ike Boettger65,570000
Taybor Pepper46,570000
Danny Johnson41,570000
Ben Niemann56,570000
Keith Kirkwood19,570000
Andrew Wylie77,570000
Aaron Stinnie64,570000
Marcus Johnson83,570000
Zach Sieler92,570000
James Crawford51,570000
Jermaine Carter56,570000
Scott Quessenberry61,570000
Jack Cichy48,570000
Brian Allen40,570000
Brian Allen55,570000
Nyheim Hines21,570000
Tony Brown27,570000
Tony Brown,570000
Da'Shawn Hand93,570000
Tae Davis55,570000
Jamil Demby64,570000
Taylor Stallworth95,570000
Shaun Dion Hamilton51,570000
Avonte Maddox29,570000
Trenton Cannon25,570000
Chris Herndon89,570000
Ross Dwelley82,570000
Foyesade Oluokun54,570000
Dontrell Hilliard25,570000
Ja'Whaun Bentley51,570000
Justin Watson17,570000
Mitchell Loewen70,570000
Keke Coutee16,570000
Anthony Averett34,570000
Kenny Young41,570000
Chandon Sullivan39,570000
Corey Thompson52,570000
Peter Kalambayi58,570000
Tremon Smith38,570000
Alex Light70,570000
Da'Mari Scott18,570000
Parry Nickerson35,570000
Gehrig Dieter12,570000
Trent Sieg47,570000
Bruce Hector90,570000
Justin Zimmer99,570000
George Odum30,570000
Jacob Martin54,570000
Jamal Carter35,570000
J.T. Gray48,570000
Devaroe Lawrence93,570000
J.C. Jackson27,570000
Jaylen Samuels38,570000
DeShon Elliott32,570000
Javon Wims83,570000
Durham Smythe81,570000
Davontae Harris27,570000
Anthony Firkser86,570000
Keion Crossen35,570000
Dee Virgin30,570000
Wyatt Teller77,570000
Josh Allen41,570000
Josh Allen17,570000
Josh Allen41,495000
Josh Allen17,495000
Jordan Thomas83,570000
Mason Cole52,570000
Deontay Burnett16,570000
Reggie Gilbert93,570000
Tyler Conklin83,570000
Tanner Hudson88,570000
Isaac Yiadom26,570000
Ben Braden70,570000
Maurice Hurst73,570000
Jeremiah Valoaga94,570000
Jahlani Tavai51,495000
Bennett Jackson39,495000
Andrew Beck83,495000
Nick Allegretti73,495000
Mack Wilson51,495000
Braxton Berrios10,495000
Isaiah Buggs96,495000
Malik Reed59,495000
Codey McElroy86,495000
Nick Gates65,495000
Isaac Nauta89,495000
Kelvin Harmon13,495000
Jarrett Stidham4,495000
Clelin Ferrell96,495000
Chris Lacy15,495000
Drew Forbes79,495000
Cyril Grayson15,495000
Joey Slye4,495000
Cody Barton57,495000
Ed Oliver91,495000
Shakial Taylor38,495000
Andrew Brown93,495000
Jordan Chunn38,495000
Deebo Samuel19,495000
Tevin Jones14,495000
Matthew Orzech46,495000
Jordan Scarlett20,495000
Saquan Hampton33,495000
J.P. Holtz81,495000
Juan Thornhill22,495000
Anthony Nelson98,495000
Michael Deiter63,495000
Zach Triner97,495000
Trace McSorley7,495000
Diontae Johnson18,495000
Will Harris25,495000
Brandon Dillon86,495000
Kris Boyd38,495000
John Ursua15,495000
Christian Miller55,495000
Xavier Crawford20,495000
Dare Ogunbowale44,495000
Chris Lammons38,495000
Hale Hentges88,495000
Germaine Pratt57,495000
Wes Martin67,495000
Blake Cashman53,495000
Nick Bawden46,495000
Gunner Olszewski80,495000
Fred Brown19,495000
Travis Fulgham14,495000
Miles Sanders26,495000
Emmanuel Moseley41,495000
Daniel Brunskill60,495000
Kyler Murray1,495000
Kingsley Keke96,495000
Chase Winovich50,495000
Chris Peace58,495000
Drew Lock3,495000
Brian Burns53,495000
Nsimba Webster14,495000
Deonte Harris11,495000
Linden Stephens32,495000
Deon Cain17,495000
Dalton Risner66,495000
Andrew Van Ginkel43,495000
Jake Rodgers69,495000
Jaeden Graham87,495000
Frank Herron75,495000
Isaiah Prince71,495000
Kahzin Daniels41,495000
Robert Jackson34,495000
Troy Fumagalli84,495000
Khalen Saunders99,495000
Steven Parker26,495000
Myles Gaskin37,495000
Diontae Spencer11,495000
David Long51,495000
David Long51,495000
Drue Tranquill49,495000
Jamie Gillan7,495000
Trevon Wesco85,495000
Ryan Connelly57,495000
Renell Wren95,495000
KeeSean Johnson19,495000
Byron Cowart99,495000
Jordan Kunaszyk43,495000
Montez Sweat90,495000
Darius Slayton86,495000
John Franklin19,495000
Jimmy Moreland32,495000
Amani Oruwariye24,495000
Erik McCoy78,495000
Greg Gaines91,495000
Rashard Davis12,495000
Natrez Patrick57,495000
Sean Murphy-Bunting23,495000
Jester Weah19,495000
Nick Scott33,495000
D'Ernest Johnson30,495000
Coleman Shelton65,495000
Trent Harris97,495000
Jonathan Wynn69,495000
Andre Dillard77,495000
Kentavius Street95,495000
Isaiah Mack97,495000
Ryan Finley5,495000
Jeffery Simmons98,495000
Sione Takitaki44,495000
Jamarco Jones73,495000
Dennis Daley65,495000
Roderic Teamer36,495000
Cedrick Wilson11,495000
Devine Ozigbo33,495000
T.J. Hockenson88,495000
Jalen Thompson34,495000
Austin Schlottmann71,495000
Andrew Wingard42,495000
Marquise Blair27,495000
Gary Jennings16,495000
Luke Gifford57,495000
Ken Webster31,495000
Darvin Kidsy84,495000
Jacob Tuioti-Mariner91,495000
Patrick Mekari65,495000
Blessuan Austin31,495000
Greedy Williams26,495000
Tuzar Skipper51,495000
Byron Pringle13,495000
Hercules Mata'afa51,495000
Ryan Izzo85,495000
Quincy Williams56,495000
Charles Omenihu94,495000
Dallin Leavitt32,495000
Kyle Allen10,495000
Cole Holcomb55,495000
Mitch Wishnowsky6,495000
C.J. Board16,495000
Cullen Gillaspia44,495000
Olamide Zaccheaus17,495000
Trey Pipkins79,495000
James Vaughters93,495000
Khari Willis37,495000
Drew Sample89,495000
Darwin Thompson34,495000
Miles Brown72,495000
Andre James68,495000
Bo Scarbrough43,495000
Zach Allen94,495000
Trayvon Mullen27,495000
Nate Davis64,495000
Chris Lindstrom63,495000
Tytus Howard71,495000
Noah Fant87,495000
Darryl Johnson92,495000
Brady Sheldon45,495000
Keisean Nixon22,495000
Shy Tuttle99,495000
Jake Bailey7,495000
Cam Sims89,495000
Corey Ballentine25,495000
Patrick Laird42,495000
Andy Isabella89,495000
David Montgomery32,495000
Dre'Mont Jones93,495000
Qadree Ollison30,495000
David Edwards73,495000
Joe Jackson56,495000
Dakota Allen53,495000
Michael Jordan60,495000
Jonathan Owens36,495000
Juwann Winfree15,495000
Greg Little74,495000
Amani Hooker37,495000
Jerry Tillery99,495000
Fred Johnson74,495000
Shareef Miller51,495000
Duke Williams82,495000
Dan Skipper70,495000
Bobby Okereke58,495000
Quinnen Williams95,495000
Emeke Egbule51,495000
Beau Benzschawel63,495000
Ryan Nall35,495000
Ben Burr-Kirven55,495000
Joe Giles-Harris43,495000
Nick Bosa97,495000
Brad Lundblade64,495000
Jaylon Ferguson45,495000
Jakobi Meyers16,495000
Kerrith Whyte40,495000
Tony Pollard20,495000
Joejuan Williams33,495000
Jawaan Taylor75,495000
A.J. Brown11,495000
Trayveon Williams32,495000
Trysten Hill97,495000
Daniel Ekuale96,495000
Marquise Brown15,495000
Taylor Rapp24,495000
Rico Gafford10,495000
Elgton Jenkins74,495000
Matt Gay9,495000
L.J. Collier95,495000
Jaleel Scott12,495000
Travin Howard48,495000
Devin Bush55,495000
Mark Fields32,495000
Parris Campbell15,495000
Joshua Miles66,495000
Chandler Cox38,495000
Nasir Adderley24,495000
Bryan Mone79,495000
Josh Oliver89,495000
Dexter Lawrence97,495000
Chuma Edoga75,495000
Patrick Morris50,495000
Max Scharping74,495000
Travis Homer25,495000
John Cominsky50,495000
Austin Seibert4,495000
Damien Harris37,495000
Reggie Bonnafon39,495000
Riley Ridley88,495000
Darrius Shepherd9,495000
Dawson Knox88,495000
Rock Ya-Sin26,495000
Miles Boykin80,495000
Ryan Hunter60,495000
Ty Johnson31,495000
Johnathan Abram24,495000
Devin Singletary26,495000
Joey Ivie96,495000
Dontavius Russell98,495000
Will Grier7,495000
Preston Williams18,495000
Allen Lazard13,495000
Mike Edwards34,495000
Krishawn Hogan81,495000
Kaden Elliss55,495000
Brandin Bryant90,495000
Abdullah Anderson76,495000
David Blough10,495000
Jace Sternberger87,495000
Cole Luke32,495000
Shaq Calhoun62,495000
Garrett Bradbury56,495000
Eddy Pineiro15,495000
Quentin Poling51,495000
Alec Ingold45,495000
Carl Granderson96,495000
Cortez Broughton91,495000
Alexander Mattison25,495000
Josh Jacobs28,495000
Timon Parris61,495000
Justin Hollins52,495000
Troy Reeder51,495000
Kaleb McGary76,495000
Jamel Dean35,495000
Robert Spillane41,495000
Kendall Sheffield20,495000
Ryquell Armstead23,495000
N'Keal Harry15,495000
Sam Ficken9,495000
Christian Wilkins94,495000
Trayvon Henderson41,495000
Tommy Sweeney89,495000
Cody Ford70,495000
Daniel Jones8,495000
Austin Cutting58,495000
David Quessenberry72,495000
Deionte Thompson35,495000
Jeremy Reaves39,495000
Azeez Al-Shaair51,495000
Andre Patton16,495000
Bobby Evans71,495000
Josh Woods55,495000
Julian Love20,495000
Devin White45,495000
Duke Shelley33,495000
John Atkins99,495000
Brandon Knight69,495000
Oshane Ximines53,495000
Kevin Strong92,495000
Kyle Phillips98,495000
Rolan Milligan42,495000
Damion Willis15,495000
Alex Singleton49,495000
Nate Herbig67,495000
Evan Baylis88,495000
Donovan Olumba32,495000
Justin Layne31,495000
Cole Mazza45,495000
Donovan Wilson37,495000
Austin Bryant94,495000
Mecole Hardman17,495000
Christian Blake13,495000
Terry McLaurin17,495000
Rashad Fenton27,495000
Jaquan Johnson46,495000
Michael Dogbe91,495000
Ross Pierschbacher64,495000
Alex Redmond62,493236
Holton Hill24,435882
